id,es-419,en-GB,fr-CA,ko,ja,ru,nl,it,de,zh,zh-Hant,fr,es,en
Npc_HatenoVillage010,Abbun,Leop,Opar,레오프,ツワブキ,Фарф,Farf,Tsuwabuki,Farvel,茨瓦布奇,茨瓦布奇,Opar,Abbun,Leop
Npc_kokiri009,Acaz,Oaki,Azettis,토치,トッチー,Оки,Oaki,Nacardio,Fraxinus,拓奇,拓奇,Azettis,Acaz,Oaki
Npc_oasis007,Adine,Buliara,Beterah,뷰러,ビューラ,Белла,Buliara,Biulla,Bylla,碧优拉,碧優拉,Beterah,Adine,Buliara
Npc_NewsPaper006,Aeni,Bluni,Chloa,아이야,アイヤ,Ятлика,Bluni,Kelia,Barta,艾雅,艾雅,Chloa,Aeni,Bluni
Npc_BaseCamp_AncientAssistant001,Agaimo,Gagaim,Métap,가가모,ガガーモ,Аплекс,Gagaim,Galgam,Taplexis,贾贾莫,賈賈莫,Métap,Agaimo,Gagaim
Npc_BaseCamp_Gerudo006,Ageen,Bandaga,Dyod,베디지,バテジー,Бинта,Bandaga,Bendaga,Banda,巴铁吉,巴鐵吉,Dyod,Ageen,Bandaga
Npc_HatenoVillage011,Agen,Worten,Douveth,워튼,ワターゲン,Вортен,Worten,Worten,Watargo,瓦太庚,瓦太庚,Douveth,Agen,Worten
Npc_OasisGoron_001,Agor,Lyndae,Kavatlin,가트린,ガトリン,Гатлин,Lyndae,Gatlin,Liena,嘉托林,嘉託林,Kavatlin,Agor,Lyndae
Npc_oasis043,Aine,Ardin,Araj,아쥬,アージュ,Ардин,Ardin,Aju,Ardin,奥居,奧居,Araj,Aine,Ardin
Npc_oasis001,Aisha,Isha,Azasha,아이샤,アイシャ,Аиша,Isha,Aisha,Aisha,艾夏,艾夏,Azasha,Aisha,Isha
Npc_TabanthaRoad_AncientAssistant,Aiuga,Juga,Laurine,카슈아,ガジュア,Дубни,Juga,Gajua,Gunsel,盖茱亚,蓋茱亞,Laurine,Aiuga,Juga
Npc_BaseCamp012,Ajam,Jambo,Banjam,에이잔,エージャン,Лето,Jambo,Banjam,Banjam,艾姜,艾姜,Banjam,Ajam,Jambo
Npc_LakeSideHatago005,Akamp,Kampo,Campo,캄포,カンポ,Кампо,Kampo,Kampow,Kampo,康珀,康珀,Campo,Akamp,Kampo
Npc_HyruleWestHatago004,Akrah,Akrah,Bomgo,오라크,オラク,Акрах,Akrah,Orak,Orak,奥拉科,奧拉科,Bomgo,Akrah,Akrah
Npc_HatenoVillage033,Alaza,Tamana,Chuflor,타마나,タマナ,Тамана,Tamana,Tamana,Tamana,泰麦娜,泰麥娜,Chuflor,Alaza,Tamana
NPC_oasis004_fr02,Alima,Flaxel,Linum,아마니,アマニ,Лена,Flaxel,Amani,Amani,阿迈尼,阿邁尼,Linum,Olim,Flaxel
Npc_HighMountain036,Amali,Amali,Camailla,하밀라,ハミラ,Амали,Amali,Hamira,Amali,哈米拉,哈米拉,Camailla,Amali,Amali
Npc_FutagoRoad_AncientAssistant,Ambur,Lammz,Épiance,람즈,ラムーズ,Занти,Lammz,Agnux,Bizan,拉姆兹,拉姆茲,Épiance,Ambur,Lammz
Npc_Road_037,Amiro,Falmark,Corge,헤티멀,ヘチマル,Фолмарк,Falmark,Falù,Luffan,赫奇马鲁,赫奇馬魯,Corge,Amiro,Falmark
Npc_GerudoDesert003,Anere,Anche,Aubarn,안체,アンチェ,Анта,Anche,Annti,Ante,昂琪艾,昂琪艾,Aubarn,Anere,Anche
Obj_Notepad_Tips_A_01,Anotaciones,Note on the Table,Note sur la table,받침 위의 메모,台の上のメモ,Заметка на столе,Verslag,Nota sul tavolo,Notiz auf dem Tisch,台面上的备忘录,檯面上的備忘錄,Note sur la table,Anotaciones,Note on the Table
Npc_Umii_Ichikara_Scholar_B,Ansen,Bide,Dibent,단센,ダンセン,Черда,Bide,Denbid,Dansen,达恩宪,達恩憲,Dibent,Ansen,Bide
Npc_MercenarySoldier_Hylia001B,Aplan,Atmus,Tramou,마프라,マップラ,Венрен,Atmus,Lamap,Maplan,马普拉,馬普拉,Tramou,Aplan,Atmus
Npc_oasis013,Araani,Kalani,Kuiverl,칼라,カーラ,Калани,Kalani,Karah,Kalana,卡拉,卡拉,Kuiverl,Araani,Kalani
Npc_Road_004,Aragus,Agus,Paragus,파라거스,パラガス,Агус,Agus,Paragus,Paragus,帕拉加斯,帕拉加斯,Paragus,Aragus,Agus
Npc_BaseCampSoldier_Hylia007,Araun,Flesi,Raff,카즈라,カズーラ,Пенте,Flesi,Kasuran,Kazuras,卡兹拉,卡茲拉,Raff,Araun,Flesi
TwnObj_UmayadoBook_07,Archivo,Pony Points Ledger,Registre des relais,마구간 회원 대장,馬宿会員台帳,Конюшенная книга учета,Stallenverenigingregister,Registro dei soci,Stallmitgliederbuch,驿站会员账本,驛站會員帳本,Registre des relais,Archivo,Pony Points Ledger
Npc_Road_041,Argio,Pitar,Erzil,퍼질,パージル,Пайтар,Pitar,Piergiglio,Parzel,帕吉尔,帕吉爾,Erzil,Argio,Pitar
Npc_MercenarySoldier_Hylia003,Arig,Wingo,Élange,엘리그,エルイグ,Калад,Wingo,Begon,Alig,艾尔伊谷,艾爾伊谷,Élange,Arig,Wingo
Npc_Umii_Kakariko_Scholar_G,Arin,Ponnick,Alune,하키노,ハキーノ,Альхо,Ponnick,Tannon,Alun,哈奇诺,哈奇諾,Alune,Arin,Ponnick
Npc_RitoHatago002,Arione,Ariane,Ariane,아리오느,アリオーヌ,Ариана,Ariane,Arionne,Ariane,阿莉奥诺,阿莉奧諾,Ariane,Arione,Ariane
Npc_Attacked_003,Arkeon,Regan,Rigan,리건,ガノレー,Реган,Regan,Ganorè,Regano,伽诺雷,伽諾雷,Rigan,Arkeon,Regan
Npc_oasis048,Arlet,Aaqlet,Élarka,아크렛,アクレット,Анклея,Aaqlet,Kaviler,Akletta,阿克雷特,阿克雷特,Élarka,Arlet,Aaqlet
Npc_HighMountain008,Armel,Nekk,Beck,네크,ネック,Некк,Nekk,Neqqu,Neckart,纳库,納庫,Beck,Armell,Nekk
Npc_oasis006,Aromyn,Romah,Brasiera,아로마,アローマ,Арома,Romah,Arohma,Aroha,阿洛玛,阿洛瑪,Brasiera,Aromyn,Romah
Npc_Road_032,Arooku,Lukan,Rouka,루카,ルーカ,Люкан,Lukan,Ruka,Luka,露卡,露卡,Rouka,Arooku,Lukan
Npc_MercenarySoldier_Hylia005A,Arracen,Raseno,Raceny,라세니,ラセニー,Разен,Raseno,Racen,Sarras,拉塞尼,拉塞尼,Raceny,Arracen,Raseno
Npc_HyruleWestHatago001,Arumei,Zumi,Paturi,코스미,コズミ,Зуми,Zumi,Kozum,Zumi,可姿米,可姿米,Paturi,Emmi,Zumi
Npc_HyrulePlain005,Ashiel,Ashe,Risou,아슈겔,アシゲル,Пепе,Ashe,Ashiel,Grausch,阿西盖尔,阿西蓋爾,Risou,Ashiel,Ashe
Npc_HatenoVillage026,Astelia,Aster,Aster,시온,シオン,Астра,Aster,Shion,Asta,希恩,希恩,Aster,Astelia,Aster
Npc_oasis038,Asyré,Tali,Pihmène,파퓨,パフュー,Амбра,Tali,Parfu,Payu,帕弗宇,帕弗宇,Pihmène,Asyre,Tali
Npc_NorthHateru005,Atem,Quince,Meles,모코,モッコー,Квинс,Quince,Mokko,Quitt,默括,默括,Meles,Quint,Quince
Npc_Lanayru003,Atene,Douma,Florette,두리스,フタバ,Магнолия,Douma,Duina,Kleo,双叶,雙葉,Florette,Atene,Douma
Npc_HatenoGate002,Athon,Mimos,Acassa,와토르,ワトル,Мимос,Mimos,Athon,Watzel,瓦图卢,瓦圖盧,Acassa,Athon,Mimos
Npc_OasisStep_A,Atta,Katta,Cinehl,커틀,カットル,Катта,Katta,Katra,Kattoru,卡托尔,卡托爾,Cinehl,Atta,Katta
Npc_SouthernVillage004,Aukai,Armes,Armis,아메스,ヤーメス,Армес,Armes,Yahmes,Armes,亚梅司,亞梅司,Armis,Aukai,Armes
Npc_OasisHylia_003,Aume,Tauma,Tabuma,타바우마,タバウマ,Таума,Tauma,Tabuma,Tabuma,太巴乌迈,太巴烏瑪,Tabuma,Aume,Tauma
Npc_kokiri004,Avell,Natie,Tainis,나투,ナトゥー,Нати,Natie,Drupo,Corylus,纳托,納托,Tainis,Avell,Natie
Npc_oasis002,Avoor,Danda,Renora,테드라,テドゥーラ,Деора,Danda,Dedora,Renora,特朵拉,特朵拉,Renora,Avoor,Danda
Npc_TamourHatago001,Aya,Aya,Bourelle,미호,ミホ,Айя,Aya,Miho,Aya,米荷,米荷,Bourelle,Aya,Aya
Npc_HatenoVillage027,Azuren,Azu,Lariz,아오타,アオタ,Азу,Azu,Azul,Azu,阿俄塔,阿俄塔,Lariz,Azuren,Azu
Npc_Goron021,Bangoro,Bargoh,Pelgo,벨고,ベルゴ,Барго,Bargoh,Bargo,Bargoh,柏格,柏格,Pelgo,Bangoro,Bargoh
Npc_Eldin_Hylia003,Bansit,Banksha,Banxya,밴크셔,バンクシャー,Банси,Banksha,Bansit,Bansik,邦克夏,邦克夏,Banxya,Bansit,Banksha
Npc_TabantaBridgeHatago001,Banyid,Banji,Cuirée,벤디,バンジーデ,Банджи,Banji,Banjide,Banzi,邦姬黛,邦姬黛,Cuirée,Banyi,Banji
Npc_Goron_Cafe001,Bardar,Cooke,Pibich,바루다스,バルダス,Бардус,Cooke,Bardus,Bardas,巴尔达斯,巴爾達斯,Pibich,Bardar,Cooke
Npc_Road_015,Basho,Chumin,Biazis,츄민,チューミン,Чумин,Chumin,Chumin,Bendumin,秋明,秋明,Biazis,Basho,Chumin
Npc_SmallOasis014,Basoor,Boraa,Félide,블로우,ブロウ,Барра,Boraa,Bulor,Brohu,布洛武,布洛武,Félide,Basoor,Boraa
Npc_Zora032,Basun,Bazz,Sébass,스바바,スババ,Базз,Bazz,Subab,Basu,斯八巴,斯八巴,Sébass,Basun,Bazz
Npc_Orchestra_M_00,Batulio,Mastro,Maïstro,미로얀,ミロヤン,Миан,Mastro,Bakket,Partiturio,米洛央,米洛央,Maïstro,Batulio,Mastro
Npc_KorokFly005,Bedul,Maheli,Madhelin,마데린,マデリン,Меде,Maheli,Madlin,Madelinus,马德林,馬德林,Madhelin,Bedul,Maheli
Npc_Road_035,Bemok,Baddek,Seymon,바테크,バテック,Баддек,Baddek,Batek,Batek,巴特克,巴特克,Seymon,Bemok,Baddek
NPC_oasis004_fr04,Benil,Oliff,Kartham,베니,ヴェニー,Олифф,Oliff,Veny,Wenni,贝倪,貝倪,Kartham,Benil,Oliff
Npc_SmallOasis006,Benyo,Benja,Benjamin,벤자민,ベンジャミン,Бенни,Benja,Benjamin,Benjamin,本杰明,賓傑明,Benjamin,Benyo,Benja
Npc_NorthHateru_around001,Berlien,Benny,Benni,베니코,ベニコ,Беника,Benny,Beniko,Bendix,贝尼珂,貝尼珂,Benni,Berlien,Benny
Npc_BaseCamp008,Bigro,Pulcho,Dropi,피글로,ピグロ,Сян,Pulcho,Pigur,Pigur,皮谷罗,皮谷羅,Dropi,Bigro,Pulcho
Npc_Goron010,Bladon,Bladon,Landonn,블레든,ブレードン,Блэйдон,Bladon,Bladon,Bladon,布莱顿,布雷頓,Landonn,Baraduk,Bladon
Npc_FaronWoods010,Blino,Blynne,Œilla,브린카,ブリンカ,Бринк,Blynne,Blinka,Blynne,布林喀,布林喀,Œilla,Blinka,Blynne
Npc_BaseCamp001,Bonon,Burmano,Rosero,보논,ボーノン,Росян,Burmano,Burman,Burnon,波侬,波儂,Rosero,Bonon,Burmano
Npc_Road_002_Road,Bonto,Mezer,Bongo,봉고르,ボンゴ,Мезер,Mezer,Vongo,Bogo,本戈,本戈,Bongo,Bonto,Mezer
Npc_Goron014,Borunia,Bohrin,Bohlinn,보린,ボーリン,Борин,Bohrin,Bohrin,Borin,玻林,玻林,Bohlinn,Borunia,Bohrin
Npc_OasisHylia_002,Botenk,Bozai,Tuska,보텐사,ボテンサ,Бозай,Bozai,Boten,Tuska,伯腾萨,伯騰薩,Tuska,Botenk,Bozai
Npc_Minigame_BirdMan001,Branlo,Branli,Remigon,부토,ブート,Бранли,Branli,Budo,Branli,布拓,布拓,Remigon,Branlo,Branli
Npc_HatenoVillage002,Brez,Pruce,Epicèle,프루스,アカエゾ,Прус,Pruce,Akae,Fichtjoff,阿喀恩佐,阿喀恩佐,Epicèle,Brez,Pruce
HorseAssociationCustum004,Brina,Breen,Brienn,브린,ブリーン,Брина,Breen,Brin,Brin,步铃,步鈴,Brienn,Brina,Breen
Npc_Kakariko_Road_019,Bugin,Bugut,Bugri,부그리,ブグリ,Бугут,Bugut,Bugri,Bugri,布古力,布古力,Bugri,Bugin,Bugut
Npc_HorseBuyer_02,Busno,Cormus,Acoran,부쇼,ブショー,Аир,Cormus,Kalam,Calam,布修,布修,Acoran,Busno,Cormus
Npc_GerudoGate_AncientAssistant004,Buspar,Guspar,Sperge,가스펠,ガスパル,Спарж,Guspar,Sparg,Gaspar,盖斯帕鲁,蓋斯帕魯,Sperge,Buspar,Guspar
Npc_TabantaBridgeHatago006,Byder,Dabi,Byder,데비,ビーダ,Даби,Dabi,Bida,Dabi,比鞑,比韃,Byder,Byder,Dabi
Npc_GerudoDesert004,Byrta,Barta,Brihk,바레타,バレッタ,Барта,Barta,Barta,Baretta,芭乐塔,芭樂塔,Brihk,Byrta,Barta
Npc_HatenoGate001,Calipto,Calip,Caly,카리유,カリーユ,Калип,Calip,Carille,Calip,卡里尤,卡里尤,Caly,Carill,Calip
Npc_Road_012,Calisa,Calisa,Rhubask,와스크,ワスク,Калиса,Calisa,Wask,Calisa,瓦斯珂,瓦斯珂,Rhubask,Calisa,Calisa
Npc_Road_024,Cambo,Cambo,Caleb,칸보,カンボ,Камбо,Cambo,Kambo,Cambo,康波,康波,Caleb,Mott,Cambo
Npc_BaseCamp_Zora004,Cappel,Capelo,Cappella,가페라,カッペラ,Капелло,Capelo,Kappel,Capela,卡佩拉,卡佩拉,Cappella,Cappel,Capelo
Npc_Road_022,Celessa,Celessa,Ricelle,리세,リーセ,Селесса,Celessa,Danes,Liesel,莉瑟,莉瑟,Ricelle,Celessa,Celessa
NPC_oasis004_fr01,Celisa,Canolo,Calzo,나타네,ナタネ,Канола,Canolo,Natane,Natane,娜塔内,娜塔內,Calzo,Celis,Canolo
Npc_Attacked_005,Chaiba,Chabi,Chavie,차비,チャビー,Чаби,Chabi,Chabi,Chabi,恰比,恰比,Chavie,Chaiba,Chabi
Npc_HyrulePlain004,Charmi,Shamae,Shamae,샤메,シャーメ,Шама,Shamae,Sharme,Shamae,夏媚,夏媚,Shamae,Shamae,Shamae
Npc_NewsPaper008,Chirey,Sheeko,Chicora,치코,チコ,Цико,Sheeko,Koria,Schikoria,奇科,奇科,Chicora,Chirey,Sheeko
TwnObj_BackNumberBook,Chismes de Mirene,Rumor Mill,Bourgette sait tout,세나의 뜬소문,ウワサのミツバちゃん,Слухи Хайрула,Traysi's Tamtam,Trifoglia sa tutto,Kletis’ Gerüchteküche,传闻中的三叶,傳聞中的三葉,Bourgette sait tout,Cotilleos de Mirene,Rumor Mill
Npc_HyruleWestHatago006,Chork,Chork,Chuck,차크,チャック,Чорк,Chork,Chak,Jacques,恰克,恰克,Chuck,Chork,Chork
Npc_Kokiri007,Cipp,Peeks,Pecanis,피칸,ピーカン,Пикс,Peeks,Pecan,Pecanus,匹康,匹康,Pecanis,Cipp,Peeks
Npc_HatenoVillage023,Cirel,Uma,Florène,우메,ウメ,Ума,Uma,Ume,Ume,乌梅,烏梅,Florène,Cirelle,Uma
Npc_HatenoVillage018,Clavia,Clavia,Clévia,클레비아,クレーヴィア,Клавия,Clavia,Clevia,Clavia,可莱维亚,可雷維亞,Clévia,Clavia,Clavia
FldObj_GerudoTownBook2,Cocina de Ra Tamu I,"Chef Aurie Taamu, Vol. 1","Recettes de la cité, 1",라·탐의 요리 수첩①,ラ・タームの料理手帳①,Рецепты Ра-Тааму 1,Koken van A tot Z - nr. 1,Ricettario di Ratham 1,Gourmet-Geheimnisse 1,拉·塔木的料理笔记①,拉‧塔木的料理筆記①,"Recettes de la cité, 1",Cocina de Ra Tamu 1,"Chef Aurie Taamu, Vol. 1"
FldObj_GerudoTownBook,Cocina de Ra Tamu II,"Chef Aurie Taamu, Vol. 2","Recettes de la cité, 2",라·탐의 요리 수첩②,ラ・タームの料理手帳②,Рецепты Ра-Тааму 2,Koken van A tot Z - nr. 2,Ricettario di Ratham 2,Gourmet-Geheimnisse 2,拉·塔木的料理笔记②,拉‧塔木的料理筆記②,"Recettes de la cité, 2",Cocina de Ra Tamu 2,"Chef Aurie Taamu, Vol. 2"
Npc_Road_016,Coryn,Totsuna,Chicorine,타노,タツノ,Тоцуна,Totsuna,Cicorin,Chicorin,塔茨诺,塔茨諾,Chicorine,Coryn,Totsuna
Obj_Notepad_Assassin_A_01,Cuaderno del clan Yiga,Yiga Clan Notebook,Carnet Yiga,이가단 수첩,イーガ団手帳,Дневник Ига,Yiga-bendenotities,Quaderno del clan Yiga,Yiga-Notizen,依盖队笔记,依蓋隊筆記,Carnet yiga,Cuaderno del clan Yiga,Yiga Clan Notebook
FldObj_DevoteSpring_Book,Cuaderno desgastado,Tattered Notebook,Vieux cahier,낡은 노트,古ぼけたノート,Истрепанный дневник,Versleten notitieboek,Diario logoro,Abgenutztes Tagebuch,老旧的笔记,老舊的筆記,Vieux cahier,Cuaderno desgastado,Tattered Notebook
Obj_DiaryKakariko004_A_01,Cuaderno desgastado,Tattered Notebook,Vieux cahier,낡은 노트,古ぼけたノート,Истрепанный дневник,Versleten notitieboek,Diario logoro,Abgenutztes Tagebuch,老旧的笔记,老舊的筆記,Vieux cahier,Cuaderno desgastado,Tattered Notebook
Obj_Notepad_Assassin_A_02,Cuaderno viejo,Tattered Notebook,Carnet endommagé,너덜너덜한 수첩,ボロボロの手帳,Потрепанный дневник,Haveloos notitieboek,Quaderno rovinato,Lädiertes Notizbuch,破烂的笔记,破爛的筆記,Carnet endommagé,Cuaderno viejo,Tattered Notebook
Npc_Zora033,Dagio,Dento,Nelto,로스리,ロスーリ,Денто,Dento,Rosly,Dento,罗司里,羅司里,Nelto,Dagio,Dento
Npc_Goron041,Daiko,Carban,Charp,듀크,デューク,Дуко,Carban,Phaleg,Zimm,迪库,迪庫,Charp,Daiko,Carban
Npc_FirstColony004,Dain,Dai,Dahi,다이,ダイ,Даи,Dai,Daj,Dai,代伊,代伊,Dahi,Dain,Dai
Npc_Kakariko012,Dania,Claree,Canni,클라리,クラリ,Клари,Claree,Clari,Clari,珂拉丽,珂拉麗,Canni,Dania,Claree
Npc_TabantaHatago003,Danton,Danton,Danto,덴돈,デンドン,Дантон,Danton,Danton,Danton,登顿,登頓,Danto,Danton,Danton
Npc_Hunters_Lost,Darene,Juannelle,Fruguette,일미나,イチヨウ,Вишенка,Juannelle,Primula,Klea,一叶,一葉,Fruguette,Darene,Juannelle
Npc_HutagoHatago_002,Daret,Darton,Otroh,다트,ダート,Дартон,Darton,Dart,Darto,达特,達特,Otroh,Daret,Darton
Npc_goron003,Darmado,Pyle,Taroc,파일드,パイルド,Пайл,Pyle,Pail,Pylo,派尔多,派爾多,Taroc,Darmado,Pyle
Npc_goron002,Darnan,Tanko,Citek,탱크로,タンクロ,Танко,Tanko,Tankro,Tanko,坦科罗,坦科羅,Citek,Darnan,Tanko
Npc_Zora028,Darne,Tula,Taol,루토아,ルトア,Тула,Tula,Rutoa,Tula,卢特亚,盧特亞,Taol,Darne,Tula
Npc_SmallOasis001,Darunara,Strade,Portorok,스트레든,ストラドン,Страд,Strade,Straddon,Stradon,斯托拉顿,斯托拉頓,Portorok,Darunara,Strade
Obj_DiaryTamul_A_09,Datos de la catástrofe,Notes on the Upheaval,Étude du cataclysme,천재지변에 관한 고찰,天変地異についての考察,«О Катаклизме»,Over de Ontwrichting,Studi sul cataclisma,Studien zum Kataklysmus,关于天地异变的考察,關於天地異變的考察,Étude du cataclysme,Datos de la catástrofe,Notes on the Upheaval
Npc_Umii_Kakariko_Scholar_E,Daval,Daval,Gerpin,키와노,キワーノ,Двали,Daval,Daval,Davall,齐瓦诺,齊瓦諾,Gerpin,Daval,Daval
Npc_OasisMilk_D,Delane,Deltan,Delflam,델튼,デルタン,Дельта,Deltan,Deltan,Deltan,戴露坦,迪魯坦,Delflam,Delane,Deltan
Npc_Goron022,Dengoro,Krane,Grukren,쿠크렌,ククレン,Крейн,Krane,Kukren,Krant,可可仁,可可仁,Grukren,Dengoro,Krane
Npc_RoadShop_01,Denio,Deenya,Jascap,시치나크,シチナック,Денгард,Deenya,Ardeng,Gardis,希齐纳克,希齊納克,Jascap,Denio,Deenya
Npc_LanayruRoad_AncientAssistant,Derant,Drant,Vayène,디란타,デランタ,Деран,Drant,Derant,Derant,德兰塔,德蘭塔,Vayène,Derant,Drant
Npc_HighMountain013,Dhur,Huck,Éhong,하크,ハック,Хакк,Huck,Huck,Hakk,哈库,哈庫,Éhong,Dhur,Huck
TwnObj_Village_SheikerHeirDiary_A_03,Diario de Apaya,Diary of a Chief,Journal de la cheffe Pahya,파야의 족장 일기,パーヤの族長日記,Дневник Пайи,Paya's dagboek,Diario di Paya,Payas Tagebuch,帕雅的族长日记,帕雅的族長日記,Journal de la chef Pahya,Diario de Pay,Diary of a Chief
FldObj_HatenoGateBook,Diario de Calipto,Calip's Journal,Journal de Caly,카리유의 일기,カリーユの日記,Дневник Калипа,Calips dagboek,Diario di Carille,Calips Tagebuch,卡里尤的日记,卡里尤的日記,Journal de Caly,Diario de Carill,Calip's Journal
TwnObj_UMiiVillage033Book,Diario de Kariele,Mattison's Notebook,Journal de Tinieh,매티슨의 일기,ウィッダの日記,Дневник Ванды,Mattisons dagboek,Diario di Parruda,Matildas Tagebuch,微达的日记,微達的日記,Journal de Tinieh,Diario de Kariele,Mattison's Notebook
Obj_DiaryCannon02_A_01,Diario de Katoeli,Billson's Records,Journal de Piquieh,빌슨의 일지,ツクンダの日誌,Дневник Шнобды,Billsons dagboek,Diario di Gerida,Schnabudas Bautagebuch,兹库恩达的日志,茲庫恩達的日誌,Journal de Piquieh,Diario de Katoeli,Billson's Records
Obj_DiaryTamul_A_01,Diario de Prunia,Purah's Diary,Journal de Pru'ha,프루아의 일기,プルアの日記,Дневник Пуры,Purahs dagboek,Diario di Pruna,Purahs Tagebuch,普尔亚的日记,普爾亞的日記,Journal de Pru'ha,Diario de Prunia,Purah's Diary
Obj_DiaryGoron_Npc_Gaman03,Diario de Renegoro,Kabetta's Diary,Journal de Mécahn,카베타의 일기,カベータの日記,Дневник Кабета,Kabetta's dagboek,Diario di Qabet,Kavitas Tagebuch,卡贝塔的日记,卡貝塔的日記,Journal de Mécahn,Diario de Enegoro,Kabetta's Diary
TwnObj_GerudoTown_RougeDiary_A_02,Diario de Riju,Riju's Diary,Journal de Riju,루쥬의 수기,ルージュの手記,Дневник Риджу,Riju's dagboek,Diario di Riju,Rijus Tagebuch,露珠的随笔,露珠的隨筆,Journal de Riju,Diario de Riju,Riju's Diary
Obj_DiaryGoronYunbo_A_01,Diario de Yunobo,Yunobo's Diary,Journal de Yun,윤돌의 일기,ユンの日記,Дневник Юнобо,Yunobo's dagboek,Diario di Yunobo,Yunobos Tagebuch,阿沅的日记,阿沅的日記,Journal de Yun,Diario de Yunobo,Yunobo's Diary
TwnObj_HatenoVillage_ZeldaDiary_A_01,Diario de Zelda,Zelda's Journal,Journal de Zelda,젤다의 일기,ゼルダの日記,Дневник Зельды,Zelda's dagboek,Diario di Zelda,Zeldas Tagebuch,塞尔达的日记,薩爾達的日記,Journal de Zelda,Diario de Zelda,Zelda's Journal
TwnObj_HatenoVillage_ZeldaDiary_A_03,Diario de Zelda,Zelda's Diary,Journal de Zelda,젤다의 일기,ゼルダの日記,Дневник Зельды,Zelda's dagboek,Diario di Zelda,Zeldas Tagebuch,塞尔达的日记,薩爾達的日記,Journal de Zelda,Diario de Zelda,Zelda's Diary
TwnObj_Village_SheikerHeirDiary_A_02,Diario de ansiedades,Journal of Various Worries,Recueil de soucis,세상의 모든 걱정,よろずお悩み帖,Наши заботы,Gedeelde smart,Preoccupazioni varie,Sorgenbuch,万千烦恼账,萬千煩惱帖,Recueil de soucis,Notas vecinales,Journal of Various Worries
Npc_TamourPlainHatago_004,Dikram,Dmitri,Carvach,딤치,ディムチー,Дмитрий,Dmitri,Dimci,Dima,狄姆奇,狄姆奇,Carvach,Dikram,Dmitri
Npc_Attacked_002,Dilio,Dillie,Cornie,딜,ディル,Дилли,Dillie,Dill,Dillie,狄尔,狄爾,Cornie,Dillie,Dillie
Npc_Zora010,Dimai,Mei,Majeurie,디메,ディーメ,Меи,Mei,Dimag,Dedur,迪美,迪美,Majeurie,Dimai,Mei
Npc_OasisStudent_C,Dinea,Dina,Danaha,디쇼나,ディショーナ,Дина,Dina,Dishona,Dina,狄秀娜,狄秀娜,Danaha,Dinea,Dina
Npc_BaseCampSoldier_Hylia006,Dioto,Mondi,Drudy,도디,ドディ,Друммо,Mondi,Dodim,Dorum,多狄,多狄,Drudy,Diot,Mondi
Npc_BaseCamp009,Domae,Deon,Dénio,도네이,ドーネイ,Нерин,Deon,Neadin,Dioneh,多涅,多涅,Dénio,Domae,Deon
NPC_artist_001,Domayo,Pikango,Kangis,칸기스,カンギス,Пиканго,Pikango,Kanghis,Kangis,康吉思,康吉思,Kangis,Dangis,Pikango
subchallnpc000,Dondak,Domidak,Domida,도미다크,ドミダク,Домидак,Domidak,Domidak,Domidak,多米达克,多米達克,Domida,Dondak,Domidak
Npc_HatenoVillage017,Donthe,Rhodes,Rhodanth,로단테,ロダンテ,Родос,Rhodes,Rhodante,Rhodante,罗丹特,羅丹特,Rhodanth,Donthe,Rhodes
Npc_oasis024,Dorane,Dorrah,Drosine,드롭,ドロップ,Долла,Dorrah,Dolop,Dorrah,多萝普,多羅普,Drosine,Dorane,Dorrah
Npc_Kakariko007,Dorio,Dorian,Durann,두런,ドゥラン,Дориан,Dorian,Dorian,Dorian,多朗,多朗,Durann,Doriand,Dorian
Npc_Zora003,Dorphan,Dorephan,Dorefah,도레판,ドレファン,Дорефан,Dorephan,Dorefan,Dorephan,多雷凡,多雷凡,Dorefah,Dorphan,Dorephan
Npc_HatenoVillage016,Doán,Dantz,Rhodo,단츠,ドダンツ,Дантс,Dantz,Dodan,Dodanz,多当茨,多當茨,Rhodo,Doan,Dantz
Npc_BaseCampSoldier_Hylia005,Drapio,Redhran,Narou,드라피,ドラピ,Холов,Redhran,Drapir,Drapir,铎拉琵,鐸拉琵,Narou,Drapio,Redhran
Npc_Zora037,Dunma,Dunma,Remuse,둔마,ドゥンマ,Дунма,Dunma,Dunma,Dumja,顿玛,頓瑪,Remuse,Dunma,Dunma
Npc_Umii_Kakariko_Scholar_A,Ebary,Ebah,Hébert,에버리,エバリー,Эбе,Ebah,Evary,Ekev,艾巴力,艾巴力,Hébert,Ebary,Ebah
Npc_kokiri006,Edro,Pepp,Povia,페파파,ペパパ,Пепп,Pepp,Pepeppe,Capsicus,培帕帕,培帕帕,Povia,Edro,Pepp
Npc_TabantaBridgeHatago003,Ehna,Ena,Nah,엔,エン,Эна,Ena,En,Ena,蒽,恩,Nah,Ehna,Ena
Npc_RitoHatago003,Eisín,Ponthos,Arassos,보토스,ボトス,Понтос,Ponthos,Botos,Ponthos,波陀司,波陀司,Arassos,Theos,Ponthos
Npc_HyruleDepthHatago006,Elaiza,Aliza,Aliza,일라이자,イライザ,Ализа,Aliza,Irisa,Aliza,伊莱扎,伊雷扎,Aliza,Elaiza,Aliza
Npc_Kokiri011,Elomo,Damia,Damia,다미다미,ダミダミ,Дамия,Damia,Damia,Damius,达秘达米,達秘達米,Damia,Romell,Damia
Npc_Umii_Kakariko_Scholar_D,Enor,Setari,Staire,에노코,エノコ,Тинни,Setari,Pabby,Setar,艾诺可,艾諾可,Staire,Enor,Setari
Npc_MercenarySoldier_Hylia002B,Erbys,Derbos,Debysis,다비시스,ダビシス,Дерби,Derbos,Erbys,Derbis,达比希斯,達比希斯,Debysis,Erbys,Derbos
Npc_FaronWoods008,Estrayu,Straia,Staille,스테이어,ステイヤ,Стеер,Straia,Staya,Straia,司狄亚,司狄亞,Staille,Staineh,Straia
Npc_MercenarySoldier_Hylia003A,Eute,Yutas,Eutas,유타스,ユータス,Эвстас,Yutas,Eustas,Eustak,尤塔斯,尤塔斯,Eutas,Eute,Yutas
Npc_oasis032,Eysa,Essa,Ekvis,엑티스,エクティス,Эсса,Essa,Ectis,Ektis,埃可缇丝,艾可緹絲,Ekvis,Eysa,Essa
Npc_BaseCampSoldier_Hylia013,Ezko,Scorpis,Foskor,스콜피스,スコルピス,Базен,Scorpis,Nontis,Skorpis,史柯尔皮斯,史柯爾皮斯,Foskor,Ezko,Scorpis
Npc_Attacked02_002,Falui,Kaffi,Vombaca,프라이,フーライ,Папеда,Kaffi,Vombac,Fulai,芙濑,芙瀨,Vombaca,Falui,Kaffi
HorseAssociationCustum002,Fana,Phanna,Fanfa,패너,ファンファ,Фанна,Phanna,Fanfa,Phanna,凡珐,凡琺,Fanfa,Phaina,Phanna
Npc_SmallOasis013,Fande,Faundi,Catorène,판데,ファンデ,Фанде,Faundi,Fandeh,Fande,方黛,方黛,Catorène,Fande,Faundi
Npc_WellMania,Fera,Fera,Pernège,바이치,ユノシタ,Камнела,Fera,Sasif,Kressa,优诺西塔,優諾西塔,Pernège,Fera,Fera
Npc_KorokFly004,Fico,Raha,Rarha,라하,ラーハ,Харар,Raha,Rahal,Harrius,拉哈,拉哈,Rarha,Fico,Raha
NPC_Lanayru002,Fien,Fin,Finn,핀,フィン,Фин,Fin,Fyn,Fin,芬,芬,Finn,Fien,Fin
Npc_SouthernVillage012,Flarya,Flavi,Flahmi,플레버,フレヴァ,Флави,Flavi,Fleva,Flavi,芙莱芭,芙雷芭,Flahmi,Flarya,Flavi
Npc_Orchestra_BT_F,Flauryn,Pyper,Fluol,피리스,フェーイ,Лейф,Yper,Feyn,Feyn,菲伊,菲伊,Fluol,Flauryn,Pyper
Npc_MercenarySoldier_Hylia004,Flavo,Flahva,Flava,플러버,フラーバ,Флаво,Flahva,Flava,Flawar,弗拉巴,弗拉巴,Flava,Flavo,Flahva
Npc_oasis020,Frely,Frelly,Fressah,프레지,フラジィ,Фрейя,Frelly,Fraji,Freya,芙拉吉,芙拉吉,Fressah,Verdyne,Frelly
Npc_KorokFly002,Fresnell,Nako,Nako,나코,ナコ,Кона,Nako,Nako,Konus,纳柯,納柯,Nako,Fresnell,Nako
Npc_BaseCamp_Zora002,Fugak,Resco,Tycion,후가크,フガク,Ностан,Resco,Spart,Phesra,弗贾克,弗賈克,Tycion,Fugak,Resco
Npc_CafeHylia004,Gahus,Fico,Micar,가슈,ガッシュ,Куфис,Fico,Cussif,Sucif,盖休,蓋休,Micar,Gahus,Fico
Npc_ZoraGoron_001,Gairo,Reagah,Tainer,아기푸트,アギプット,Рега,Reagah,Masserizio,Agiputt,阿吉普托,阿吉普托,Tainer,Gairo,Reagah
Npc_RitoHatago004,Galop,Galli,Pagol,게롤,ギャロ,Галли,Galli,Garl,Gallo,咖罗,咖羅,Pagol,Gallop,Galli
Npc_Goron019,Gamuro,Shmid,Shimidt,시미트,シミット,Шмито,Shmid,Roskle,Smitton,希米特,希米特,Shimidt,Gamuro,Shmid
Npc_HyruleWestHatago002,Garsen,Garshon,Gamyo,가르션,ガミョー,Гаршон,Garshon,Gamyo,Garson,嘉缪,嘉繆,Gamyo,Garsen,Garshon
Npc_Road_030,Garton,Gartan,Capsi,게리튼,ガラトン,Гартан,Gartan,Garton,Garton,迦拉顿,迦拉頓,Capsi,Garton,Gartan
Npc_HighMountain033,Genali,Genli,Ghenkott,겐코,ゲンコ,Генли,Genli,Ghenko,Genli,庚珂,庚珂,Ghenkott,Genali,Genli
Npc_Lanayru004,Gerlack,Eryck,Guerlac,게라크,ゲーラック,Эрик,Eryck,Gerlack,Gerlack,格拉克,格拉克,Guerlac,Gerlack,Eryck
NPC_oasis004,Gianu,Sesami,Cézam,고마나,ゴマナ,Сезами,Sesami,Gomana,Goman,格玛纳,格瑪納,Cézam,Giann,Sesami
Npc_SmallOasis002,Gineli,Guy,Migaro,가이,ギネマー,Гинемер,Guy,Ghinemar,Ghinemar,柒内玛,基內瑪,Migaro,Gineli,Guy
Npc_Kokiri008,Gingo,Chio,Papistus,치오,スダジイ,Чио,Chio,Ghiando,Papistus,思达吉,思達吉,Papistus,Gingo,Chio
Npc_HighMountain037,Gizutt,Gesane,Ghipa,기잔,ギザン,Гизан,Gesane,Gizan,Gesane,基藏,基藏,Ghipa,Gizutt,Gesane
Npc_CaveTraveler001,Gladio,Gladis,Glaï,글라디,グラジ,Гладислав,Gladis,Gladi,Gladi,古拉吉,古拉吉,Glaï,Gladio,Gladis
Npc_MercenarySoldier_Hylia001,Glaren,Gralens,Tronel,글라레스,グラレンス,Цимбо,Gralens,Glaren,Glarenz,谷拉廉斯,谷拉廉斯,Tronel,Glaren,Gralens
Npc_TamourPlainHatago_003,Glisa,Gleema,Suya,글리마,ツヤ,Глима,Gleema,Tsuya,Glima,茨亚,茨亞,Suya,Gleesa,Gleema
Npc_HyruleDepthHatago004,Gog,Geggle,Kasah,고그,ゴーグ,Гегл,Geggle,Gorg,Geggel,果戈,果戈,Kasah,Geggle,Geggle
Npc_Goron009,Gonguron,Gonguron,Bégron,건그런,ゴングロン,Гонгурон,Gonguron,Gongron,Gonguron,贡哥隆,貢哥隆,Bégron,Gonguron,Gonguron
Npc_Goron012,Goradro,Dorill,Perk,드릴드,ドリルド,Дорилл,Dorill,Drillo,Dorill,多黎尔多,多黎爾多,Perk,Goradro,Dorill
Npc_Goron005,Gorata,Aji,Kamaxor,아지테,アジテータ,Аджи,Aji,Ajiter,Agi,阿基特塔,阿基特塔,Kamaxor,Gorata,Aji
Npc_Goron006,Gorobu,Bludo,Buldo,브루도,ブルドー,Брудо,Bludo,Bludo,Bludo,布尔多,布爾多,Buldo,Gorobu,Bludo
Npc_Road_028,Gorol,Boldon,Uldon,볼든,ボルドン,Болден,Boldon,Boldon,Boldon,波尔顿,波爾頓,Uldon,Gorold,Boldon
Npc_Goron016,Gorotan,Rohan,Brathan,블로한,ブロハン,Рохан,Rohan,Brohan,Brohan,伯洛杭,伯洛杭,Brathan,Gorotan,Rohan
Npc_Goron032,Goruk,Grapp,Tractop,그랩,グラップ,Грапп,Grapp,Grappo,Grapp,格拉普,格拉普,Tractop,Boruk,Grapp
Npc_Goron015,Goruke,Axyl,Pikoro,피케,ピッケ,Аксель,Axyl,Picco,Pick,皮凯,皮凱,Pikoro,Goruke,Axyl
Npc_Goron031,Gorun,Dugby,Plèle,컵스,コップス,Дагби,Dugby,Kopps,Spafel,科普思,科普思,Plèle,Gorun,Dugby
Npc_goron004,Goruro,Rogaro,Rolouro,로그로,ログロ,Рогаро,Rogaro,Rogulo,Rogaro,罗古洛,羅古洛,Rolouro,Goruro,Rogaro
Npc_Kakariko013,Gostin,Steen,Goustan,고스틴,ゴスティン,Стин,Steen,Gostìn,Gustin,歌思汀,歌思汀,Goustan,Gostin,Steen
Npc_Goron042,Gotok,Pleer,Peince,야토코,ヤトッコ,Щипо,Pleer,Pinzon,Zanger,雅托克,雅托克,Peince,Gotok,Pleer
Npc_RiverSideHatago001,Gotter,Gotter,Gottah,고터프,ゴエタフ,Готтер,Gotter,Gohetaf,Godric,戈艾塔弗,戈艾塔弗,Gottah,Gotter,Gotter
Npc_DressFairy_02,Gran hada Kaysa,Great Fairy Kaysa,Grande fée Caesa,대요정 시저,大妖精 シーザ,Большая фея Цезара,Grote fee Kaysa,Fata radiosa Shizar,Caesa,大妖精西莎,大妖精西莎,Grande fée Caesa,Gran hada Laniah,Great Fairy Kaysa
TwnObj_FairySpringClose_B_01,Gran hada Kaysa,Great Fairy Kaysa,Grande fée Caesa,대요정 시저,大妖精 シーザ,Большая фея Цезара,Grote fee Kaysa,Fata radiosa Shizar,Große Fee Caesa,大妖精西莎,大妖精西莎,Grande fée Caesa,Gran hada Laniah,Great Fairy Kaysa
Npc_DressFairy_01,Gran hada Muarenn,Great Fairy Mija,Grande fée Mijah,대요정 미자,大妖精 ミジャー,Большая фея Мия,Grote fee Mija,Fata radiosa Mijah,Mijah,大妖精弥佳,大妖精彌佳,Grande fée Mijah,Gran hada Muarenn,Great Fairy Mija
TwnObj_FairySpringClose_C_01,Gran hada Muarenn,Great Fairy Mija,Grande fée Mijah,대요정 미자,大妖精 ミジャー,Большая фея Мия,Grote fee Mija,Fata radiosa Mijah,Große Fee Mijah,大妖精弥佳,大妖精彌佳,Grande fée Mijah,Gran hada Muarenn,Great Fairy Mija
Npc_DressFairy_03,Gran hada Satten,Great Fairy Tera,Grande fée Tera,대요정 테라,大妖精 テーラ,Большая фея Тера,Grote fee Tera,Fata radiosa Tehera,Tera,大妖精蒂拉,大妖精蒂拉,Grande fée Tera,Gran hada Satten,Great Fairy Tera
TwnObj_FairySpringClose_D_01,Gran hada Satten,Great Fairy Tera,Grande fée Tera,대요정 테라,大妖精 テーラ,Большая фея Тера,Grote fee Tera,Fata radiosa Tehera,Große Fee Tera,大妖精蒂拉,大妖精蒂拉,Grande fée Tera,Gran hada Satten,Great Fairy Tera
Npc_DressFairy_00,Gran hada Seddha,Great Fairy Cotera,Grande fée Cotura,대요정 크출라,大妖精 クチューラ,Большая фея Котера,Grote fee Cotera,Fata radiosa Kutura,Cotura,大妖精可秋拉,大妖精可秋拉,Grande fée Cotura,Gran hada Seddha,Great Fairy Cotera
TwnObj_FairySpringClose_A_01,Gran hada Seddha,Great Fairy Cotera,Grande fée Cotura,대요정 크출라,大妖精 クチューラ,Большая фея Котера,Grote fee Cotera,Fata radiosa Kutura,Große Fee Cotura,大妖精可秋拉,大妖精可秋拉,Grande fée Cotura,Gran hada Seddha,Great Fairy Cotera
TwnObj_Village_Korok_DekuTree_A_01,Gran Árbol Deku,Great Deku Tree,Vénérable Arbre Mojo,데크나무님,デクの樹サマ,Древо Деку,Deku-boom,Grande albero Deku,Deku-Baum,德库树长老,德庫樹長老,Vénérable Arbre Mojo,Gran Árbol Deku,Great Deku Tree
Npc_oasis005,Grette,Greta,Egrouss,이그렛타,イグレッタ,Грета,Greta,Igretta,Greta,依格莱塔,依格雷塔,Egrouss,Grette,Greta
Npc_Zora029,Gruve,Gruve,Gruve,노르,ノール,Грув,Gruve,Norr,Rytt,诺尔,諾爾,Gruve,Gruve,Gruve
Npc_Road_017,Guin,Glendo,Guiff,드나이트,ドナイト,Глендо,Glendo,Glen,Glendo,多纳伊拓,多納伊拓,Guiff,Guin,Glendo
Npc_Eldin_Hylia004,Guser,Gozzber,Grosereau,구즈리,グズリ,Крыж,Gozzber,Vaspin,Stachil,谷兹利,谷茲利,Grosereau,Guser,Gozzber
Npc_FaronWoods007,Gyroc,Giro,Giroccho,기로쵸,ギロッチョ,Гиро,Giro,Ghiroccio,Giro,基洛丘,基洛丘,Giroccho,Gyroc,Giro
Npc_Zonau_Golem_Servant_ZonauChallenge_00,Gólem administrador,Caretaker Construct,Golem administrateur,관리 골렘,管理ゴーレム,Голем-администратор,Zonoïde-administrator,Golem intendente,Verwalterkonstrukt,管理魔像,管理魔像,Golem administrateur,Gólem administrador,Caretaker Construct
Npc_Zonau_Golem_Servant_BaseCamp_01,Gólem ayudante,Steward Construct,Golem assistant,집사 골렘,執事ゴーレム,Голем-дворецкий,Zonoïdelakei,Golem aiutante,Dienerkonstrukt,管家魔像,管家魔像,Golem assistant,Gólem ayudante,Steward Construct
Npc_Zonau_Golem_Servant_FirstIsland_00,Gólem ayudante,Steward Construct,Golem assistant,집사 골렘,執事ゴーレム,Голем-дворецкий,Zonoïdelakei,Golem aiutante,Dienerkonstrukt,管家魔像,管家魔像,Golem assistant,Gólem ayudante,Steward Construct
Npc_Zonau_Golem_Servant_FirstIsland_10,Gólem ayudante,Steward Construct,Golem assistant,집사 골렘,執事ゴーレム,Голем-дворецкий,Zonoïdelakei,Golem aiutante,Dienerkonstrukt,管家魔像,管家魔像,Golem assistant,Gólem ayudante,Steward Construct
Npc_Zonau_Golem_Servant_FirstIsland_11,Gólem ayudante,Steward Construct,Golem assistant,집사 골렘,執事ゴーレム,Голем-дворецкий,Zonoïdelakei,Golem aiutante,Dienerkonstrukt,管家魔像,管家魔像,Golem assistant,Gólem ayudante,Steward Construct
Npc_Zonau_Golem_Servant_FirstIsland_19,Gólem ayudante,Steward Construct,Golem assistant,집사 골렘,執事ゴーレム,Голем-дворецкий,Zonoïdelakei,Golem aiutante,Dienerkonstrukt,管家魔像,管家魔像,Golem assistant,Gólem ayudante,Steward Construct
Npc_Zonau_Golem_Servant_FirstIsland_20,Gólem ayudante,Steward Construct,Golem assistant,집사 골렘,執事ゴーレム,Голем-дворецкий,Zonoïdelakei,Golem aiutante,Dienerkonstrukt,管家魔像,管家魔像,Golem assistant,Gólem ayudante,Steward Construct
Npc_Zonau_Golem_Servant_FirstIsland_22,Gólem ayudante,Steward Construct,Golem assistant,집사 골렘,執事ゴーレム,Голем-дворецкий,Zonoïdelakei,Golem aiutante,Dienerkonstrukt,管家魔像,管家魔像,Golem assistant,Gólem ayudante,Steward Construct
Npc_Zonau_Golem_Servant_Minus0001,Gólem ayudante,Steward Construct,Golem assistant,집사 골렘,執事ゴーレム,Голем-дворецкий,Zonoïdelakei,Golem aiutante,Dienerkonstrukt,管家魔像,管家魔像,Golem assistant,Gólem ayudante,Steward Construct
Npc_Zonau_Golem_Servant_Minus0002,Gólem ayudante,Steward Construct,Golem assistant,집사 골렘,執事ゴーレム,Голем-дворецкий,Zonoïdelakei,Golem aiutante,Dienerkonstrukt,管家魔像,管家魔像,Golem assistant,Gólem ayudante,Steward Construct
Npc_Zonau_Golem_Servant_Minus0003,Gólem ayudante,Steward Construct,Golem assistant,집사 골렘,執事ゴーレム,Голем-дворецкий,Zonoïdelakei,Golem aiutante,Dienerkonstrukt,管家魔像,管家魔像,Golem assistant,Gólem ayudante,Steward Construct
Npc_Zonau_Golem_Servant_Minus0004,Gólem ayudante,Steward Construct,Golem assistant,집사 골렘,執事ゴーレム,Голем-дворецкий,Zonoïdelakei,Golem aiutante,Dienerkonstrukt,管家魔像,管家魔像,Golem assistant,Gólem ayudante,Steward Construct
Npc_Zonau_Golem_Servant_Minus0005,Gólem ayudante,Steward Construct,Golem assistant,집사 골렘,執事ゴーレム,Голем-дворецкий,Zonoïdelakei,Golem aiutante,Dienerkonstrukt,管家魔像,管家魔像,Golem assistant,Gólem ayudante,Steward Construct
Npc_Zonau_Golem_Servant_Minus0006,Gólem ayudante,Steward Construct,Golem assistant,집사 골렘,執事ゴーレム,Голем-дворецкий,Zonoïdelakei,Golem aiutante,Dienerkonstrukt,管家魔像,管家魔像,Golem assistant,Gólem ayudante,Steward Construct
Npc_Zonau_Golem_Servant_Minus0007,Gólem ayudante,Steward Construct,Golem assistant,집사 골렘,執事ゴーレム,Голем-дворецкий,Zonoïdelakei,Golem aiutante,Dienerkonstrukt,管家魔像,管家魔像,Golem assistant,Gólem ayudante,Steward Construct
Npc_Zonau_Golem_Servant_Minus0008,Gólem ayudante,Steward Construct,Golem assistant,집사 골렘,執事ゴーレム,Голем-дворецкий,Zonoïdelakei,Golem aiutante,Dienerkonstrukt,管家魔像,管家魔像,Golem assistant,Gólem ayudante,Steward Construct
Npc_Zonau_Golem_Servant_Minus0009,Gólem ayudante,Steward Construct,Golem assistant,집사 골렘,執事ゴーレム,Голем-дворецкий,Zonoïdelakei,Golem aiutante,Dienerkonstrukt,管家魔像,管家魔像,Golem assistant,Gólem ayudante,Steward Construct
Npc_Zonau_Golem_Servant_Minus0010,Gólem ayudante,Steward Construct,Golem assistant,집사 골렘,執事ゴーレム,Голем-дворецкий,Zonoïdelakei,Golem aiutante,Dienerkonstrukt,管家魔像,管家魔像,Golem assistant,Gólem ayudante,Steward Construct
Npc_Zonau_Golem_Servant_Minus0021,Gólem ayudante,Steward Construct,Golem assistant,집사 골렘,執事ゴーレム,Голем-дворецкий,Zonoïdelakei,Golem aiutante,Dienerkonstrukt,管家魔像,管家魔像,Golem assistant,Gólem ayudante,Steward Construct
Npc_Zonau_Golem_Servant_Minus0022,Gólem ayudante,Steward Construct,Golem assistant,집사 골렘,執事ゴーレム,Голем-дворецкий,Zonoïdelakei,Golem aiutante,Dienerkonstrukt,管家魔像,管家魔像,Golem assistant,Gólem ayudante,Steward Construct
Npc_Zonau_Golem_Servant_Minus0024,Gólem ayudante,Steward Construct,Golem assistant,집사 골렘,執事ゴーレム,Голем-дворецкий,Zonoïdelakei,Golem aiutante,Dienerkonstrukt,管家魔像,管家魔像,Golem assistant,Gólem ayudante,Steward Construct
Npc_Zonau_Golem_Servant_Minus0025,Gólem ayudante,Steward Construct,Golem assistant,집사 골렘,執事ゴーレム,Голем-дворецкий,Zonoïdelakei,Golem aiutante,Dienerkonstrukt,管家魔像,管家魔像,Golem assistant,Gólem ayudante,Steward Construct
Npc_Zonau_Golem_Servant_Shrine_00,Gólem ayudante,Steward Construct,Golem assistant,집사 골렘,執事ゴーレム,Голем-дворецкий,Zonoïdelakei,Golem aiutante,Dienerkonstrukt,管家魔像,管家魔像,Golem assistant,Gólem ayudante,Steward Construct
Npc_Zonau_Golem_Servant_Shrine_01,Gólem ayudante,Steward Construct,Golem assistant,집사 골렘,執事ゴーレム,Голем-дворецкий,Zonoïdelakei,Golem aiutante,Dienerkonstrukt,管家魔像,管家魔像,Golem assistant,Gólem ayudante,Steward Construct
Npc_Zonau_Golem_Servant_SkyIsland0001,Gólem ayudante,Steward Construct,Golem assistant,집사 골렘,執事ゴーレム,Голем-дворецкий,Zonoïdelakei,Golem aiutante,Dienerkonstrukt,管家魔像,管家魔像,Golem assistant,Gólem ayudante,Steward Construct
Npc_Zonau_Golem_Servant_SkyIsland0002,Gólem ayudante,Steward Construct,Golem assistant,집사 골렘,執事ゴーレム,Голем-дворецкий,Zonoïdelakei,Golem aiutante,Dienerkonstrukt,管家魔像,管家魔像,Golem assistant,Gólem ayudante,Steward Construct
Npc_Zonau_Golem_Servant_SkyIsland0003,Gólem ayudante,Steward Construct,Golem assistant,집사 골렘,執事ゴーレム,Голем-дворецкий,Zonoïdelakei,Golem aiutante,Dienerkonstrukt,管家魔像,管家魔像,Golem assistant,Gólem ayudante,Steward Construct
Npc_Zonau_Golem_Servant_FirstIsland_02,Gólem cazador,Ranger Construct,Golem chasseur,사냥꾼 골렘,狩人ゴーレム,Голем-охотник,Zonoïdejager,Golem cacciatore,Försterkonstrukt,猎人魔像,獵人魔像,Golem chasseur,Gólem cazador,Ranger Construct
Npc_Zonau_Golem_Servant_FirstIsland_04,Gólem cazador,Ranger Construct,Golem chasseur,사냥꾼 골렘,狩人ゴーレム,Голем-охотник,Zonoïdejager,Golem cacciatore,Försterkonstrukt,猎人魔像,獵人魔像,Golem chasseur,Gólem cazador,Ranger Construct
Npc_Zonau_Golem_Servant_FirstIsland_17,Gólem cazador,Ranger Construct,Golem chasseur,사냥꾼 골렘,狩人ゴーレム,Голем-охотник,Zonoïdejager,Golem cacciatore,Försterkonstrukt,猎人魔像,獵人魔像,Golem chasseur,Gólem cazador,Ranger Construct
Npc_Zonau_Golem_Servant_FirstIsland_03,Gólem cocinero,Culinary Construct,Golem cuisinier,조리 골렘,調理ゴーレム,Голем-повар,Zonoïdekok,Golem cuoco,Kochkonstrukt,料理魔像,料理魔像,Golem cuisiner,Gólem cocinero,Culinary Construct
Npc_Zonau_Golem_Servant_FirstIsland_06,Gólem constructor,Maker Construct,Golem charpentier,목수 골렘,大工ゴーレム,Голем-плотник,Zonoïdehoutwerker,Golem carpentiere,Handwerkerkonstrukt,木匠魔像,木匠魔像,Golem charpentier,Gólem carpintero,Maker Construct
Npc_Zonau_Golem_Servant_FirstIsland_07,Gólem constructor,Maker Construct,Golem charpentier,목수 골렘,大工ゴーレム,Голем-плотник,Zonoïdehoutwerker,Golem carpentiere,Handwerkerkonstrukt,木匠魔像,木匠魔像,Golem charpentier,Gólem carpintero,Maker Construct
Npc_Zonau_Golem_Servant_FirstIsland_12,Gólem constructor,Maker Construct,Golem charpentier,목수 골렘,大工ゴーレム,Голем-плотник,Zonoïdehoutwerker,Golem carpentiere,Handwerkerkonstrukt,木匠魔像,木匠魔像,Golem charpentier,Gólem carpintero,Maker Construct
Npc_Zonau_Golem_Servant_FirstIsland_13,Gólem constructor,Maker Construct,Golem charpentier,목수 골렘,大工ゴーレム,Голем-плотник,Zonoïdehoutwerker,Golem carpentiere,Handwerkerkonstrukt,木匠魔像,木匠魔像,Golem charpentier,Gólem carpintero,Maker Construct
Npc_Zonau_Golem_Servant_FirstIsland_14,Gólem constructor,Maker Construct,Golem charpentier,목수 골렘,大工ゴーレム,Голем-плотник,Zonoïdehoutwerker,Golem carpentiere,Handwerkerkonstrukt,木匠魔像,木匠魔像,Golem charpentier,Gólem carpintero,Maker Construct
Npc_Zonau_Golem_Servant_FirstIsland_18,Gólem constructor,Maker Construct,Golem charpentier,목수 골렘,大工ゴーレム,Голем-плотник,Zonoïdehoutwerker,Golem carpentiere,Handwerkerkonstrukt,木匠魔像,木匠魔像,Golem charpentier,Gólem carpintero,Maker Construct
Npc_Zonau_Golem_Servant_FirstIsland_23,Gólem constructor,Maker Construct,Golem charpentier,목수 골렘,大工ゴーレム,Голем-плотник,Zonoïdehoutwerker,Golem carpentiere,Handwerkerkonstrukt,木匠魔像,木匠魔像,Golem charpentier,Gólem carpintero,Maker Construct
Npc_Zonau_Golem_Servant_FirstIsland_08,Gólem excavador,Mining Construct,Golem mineur,채굴 골렘,採掘ゴーレム,Голем-землекоп,Zonoïdemijnwerker,Golem scavatore,Minenkonstrukt,采矿魔像,採礦魔像,Golem mineur,Gólem excavador,Mining Construct
Npc_Zonau_Golem_Servant_FirstIsland_15,Gólem excavador,Mining Construct,Golem mineur,채굴 골렘,採掘ゴーレム,Голем-землекоп,Zonoïdemijnwerker,Golem scavatore,Minenkonstrukt,采矿魔像,採礦魔像,Golem mineur,Gólem excavador,Mining Construct
Npc_Zonau_Golem_Servant_FirstIsland_16,Gólem excavador,Mining Construct,Golem mineur,채굴 골렘,採掘ゴーレム,Голем-землекоп,Zonoïdemijnwerker,Golem scavatore,Minenkonstrukt,采矿魔像,採礦魔像,Golem mineur,Gólem excavador,Mining Construct
Npc_Zonau_Golem_Servant_ZonauChallenge_02,Gólem excavador,Mining Construct,Golem mineur,채굴 골렘,採掘ゴーレム,Голем-землекоп,Zonoïdemijnwerker,Golem scavatore,Minenkonstrukt,采矿魔像,採礦魔像,Golem mineur,Gólem excavador,Mining Construct
Npc_Zonau_Golem_Servant_ZonauChallenge_01,Gólem forjador,Smithing Construct,Golem forgeron,대장장이 골렘,鍛冶ゴーレム,Голем-кузнец,Zonoïdesmid,Golem forgiatore,Schmiedkonstrukt,锻造魔像,鍛造魔像,Golem forgeron,Gólem forjador,Smithing Construct
Npc_Zonau_Golem_Servant_FirstIsland_21,Gólem refinador,Forge Construct,Golem raffineur,제련 골렘,製錬ゴーレム,Голем-алхимик,Zonoïdemetallurg,Golem raffinatore,Alchemiekonstrukt,制炼魔像,製煉魔像,Golem raffineur,Gólem refinador,Forge Construct
Npc_Zonau_Golem_Servant_Minus0012,Gólem refinador,Forge Construct,Golem raffineur,제련 골렘,製錬ゴーレム,Голем-алхимик,Zonoïdemetallurg,Golem raffinatore,Alchemiekonstrukt,制炼魔像,製煉魔像,Golem raffineur,Gólem refinador,Forge Construct
Npc_Zonau_Golem_Servant_Minus0013,Gólem refinador,Forge Construct,Golem raffineur,제련 골렘,製錬ゴーレム,Голем-алхимик,Zonoïdemetallurg,Golem raffinatore,Alchemiekonstrukt,制炼魔像,製煉魔像,Golem raffineur,Gólem refinador,Forge Construct
Npc_Zonau_Golem_Servant_Minus0014,Gólem refinador,Forge Construct,Golem raffineur,제련 골렘,製錬ゴーレム,Голем-алхимик,Zonoïdemetallurg,Golem raffinatore,Alchemiekonstrukt,制炼魔像,製煉魔像,Golem raffineur,Gólem refinador,Forge Construct
Npc_Zonau_Golem_Servant_Minus0015,Gólem refinador,Forge Construct,Golem raffineur,제련 골렘,製錬ゴーレム,Голем-алхимик,Zonoïdemetallurg,Golem raffinatore,Alchemiekonstrukt,制炼魔像,製煉魔像,Golem raffineur,Gólem refinador,Forge Construct
Npc_Zonau_Golem_Servant_Minus0016,Gólem refinador,Forge Construct,Golem raffineur,제련 골렘,製錬ゴーレム,Голем-алхимик,Zonoïdemetallurg,Golem raffinatore,Alchemiekonstrukt,制炼魔像,製煉魔像,Golem raffineur,Gólem refinador,Forge Construct
Npc_Zonau_Golem_Servant_Minus0017,Gólem refinador,Forge Construct,Golem raffineur,제련 골렘,製錬ゴーレム,Голем-алхимик,Zonoïdemetallurg,Golem raffinatore,Alchemiekonstrukt,制炼魔像,製煉魔像,Golem raffineur,Gólem refinador,Forge Construct
Npc_Zonau_Golem_Servant_Minus0018,Gólem refinador,Forge Construct,Golem raffineur,제련 골렘,製錬ゴーレム,Голем-алхимик,Zonoïdemetallurg,Golem raffinatore,Alchemiekonstrukt,制炼魔像,製煉魔像,Golem raffineur,Gólem refinador,Forge Construct
Npc_Zonau_Golem_Servant_Minus0019,Gólem refinador,Forge Construct,Golem raffineur,제련 골렘,製錬ゴーレム,Голем-алхимик,Zonoïdemetallurg,Golem raffinatore,Alchemiekonstrukt,制炼魔像,製煉魔像,Golem raffineur,Gólem refinador,Forge Construct
Npc_Zonau_Golem_Servant_Minus0020,Gólem refinador,Forge Construct,Golem raffineur,제련 골렘,製錬ゴーレム,Голем-алхимик,Zonoïdemetallurg,Golem raffinatore,Alchemiekonstrukt,制炼魔像,製煉魔像,Golem raffineur,Gólem refinador,Forge Construct
Npc_Zonau_Golem_Servant_Minus0026,Gólem refinador,Forge Construct,Golem raffineur,제련 골렘,製錬ゴーレム,Голем-алхимик,Zonoïdemetallurg,Golem raffinatore,Alchemiekonstrukt,制炼魔像,製煉魔像,Golem raffineur,Gólem refinador,Forge Construct
Npc_UMiiVillage009,Hagui,Hagie,Deza,하기,ハギ,Хаги,Hagie,Hagi,Hagi,哈吉,哈吉,Deza,Hagg,Hagie
Npc_oasis041,Haia,Kotta,Coclie,코튼,コトン,Котта,Kotta,Kothona,Kotta,珂顿,珂頓,Coclie,Kotta,Kotta
Npc_UMiiVillage003,Hailí,Hunnie,Annie,하니,ハーニー,Ханни,Hunnie,Hanny,Hannie,哈妮,哈妮,Annie,Haily,Hunnie
Npc_HyruleDepthHatago001,Haité,Haite,Baih,헤이트,ハイト,Хайти,Haite,Hait,Haite,哈依特,哈依特,Baih,Haite,Haite
Npc_NewsPaper011,Hakau,Dophi,Dophy,팔가,ハッカク,Подо,Dophi,Dofly,Dophyll,哈卡克,哈卡克,Dophy,Hakau,Dophi
Npc_TabantaHatago002,Harloa,Harlow,Auven,할로,ホーロ,Харло,Harlow,Hollo,Harlow,霍萝,霍羅,Auven,Harloa,Harlow
Npc_HighMountain009,Harth,Harth,Harfor,하츠,ハーツ,Харт,Harth,Harth,Hertis,哈茨,哈茨,Harfor,Harth,Harth
Npc_UMiiVillage010,Harunie,Ruli,Lespe,룰리,ハルリ,Рули,Ruli,Harulie,Ruli,哈鲁丽,哈魯麗,Lespe,Harunie,Ruli
Npc_NewsPaper003,Hatan,Atin,Nitor,아타카모,アタカモ,Лиан,Atin,Hatan,Atag,阿塔卡莫,阿塔卡莫,Nitor,Hatan,Atin
Npc_SouthernVillage009,Hauke,Zuta,Edera,키즈타,キヅタ,Зута,Zuta,Kizuta,Zuta,基兹塔,基茲塔,Edera,Hauke,Zuta
Npc_oasis036,Hayba,Reeza,Aubash,쉐바,シェバ,Лиза,Reeza,Sheyba,Reesa,谢巴,謝巴,Aubash,Hayba,Reeza
Npc_Zora002,Heran,Cleff,Klefah,헤온,ヘオン,Клефф,Cleff,Heon,Cleff,和恩,和恩,Klefah,Heran,Cleff
Npc_NorthHatelHatago006,Herron,Lawdon,Galsen,루산,ルーサン,Лоудон,Lawdon,Luson,Luson,卢桑,盧桑,Galsen,Herron,Lawdon
Npc_VolcanicRoad_AncientAssistant,Hibinia,Bissi,Hybis,비스카,ビスカ,Гибисса,Bissi,Bisk,Bisca,比斯卡,比斯卡,Hybis,Hibinia,Bissi
Npc_BaseCamp_Zora003,Hieta,Tie,Sailion,이터,イータ,Лиган,Tie,Legat,Lita,伊塔,伊塔,Sailion,Hieta,Tie
Npc_SouthHateru007,Hinagan,Hino,Tabaga,히나바,ヒナバガン,Хино,Hino,Hinabagan,Hinagan,西纳巴冈,西納巴岡,Tabaga,Hinagan,Hino
Npc_BaseCamp_Gerudo002,Hirube,Jirba,Tregna,지르버,ジルバ,Джитта,Jirba,Jiruba,Jiruba,积尔巴,積爾巴,Tregna,Hirube,Jirba
Npc_Zora_Attendant001,Hiume,Chroma,Hifumi,크로마,ヒフミ,Домира,Chroma,Chroma,Hifumi,希富弥,希富彌,Hifumi,Hiume,Chroma
Npc_Road_014,Horak,Spinch,Narep,스핀치,ホレッソン,Спинч,Spinch,Inacho,Sonke,霍莱颂,霍雷頌,Narep,Horak,Spinch
Npc_TamourHatago004,Hozlar,Hoz,Hoz,호스타,ホスタ,Хоз,Hoz,Hosta,Holm,霍司塔,霍司塔,Hoz,Hozlar,Hoz
Npc_NewsPaper007,Hysta,Chrisa,Chrysa,오키쿠,オキク,Хриза,Chrisa,Krisa,Krysta,欧奇克,歐奇克,Chrysa,Hysta,Chrisa
Npc_HyruleDepthHatago005,Imbren,Embry,Ibreauvor,인브리,インブリー,Имбри,Embry,Imbri,Imbri,英布利,英布利,Ibreauvor,Imbren,Embry
Npc_NorthHatelHatago002,Imiba,Ami,Triere,아미브,アミヴィ,Ами,Ami,Amivi,Amivi,阿弥比,阿彌比,Triere,Imiba,Ami
Npc_Wanderer,Impa,Impa,Impa,임파,インパ,Импа,Impa,Impa,Impa,英帕,英帕,Impa,Impa,Impa
Npc_GerudoGate_AncientAssistant001,Inare,Nenea,Manéone,네네아,ネネア,Мона,Nenea,Nemone,Nenea,聂聂亚,聶聶亞,Manéone,Inare,Nenea
Npc_OasisHighMountain_001,Ineli,Frita,Fauvitt,프리드,フリット,Фрита,Frita,Flyt,Frita,弗莉忒,弗莉蒂,Fauvitt,Ineli,Frita
TwnObj_AncientDoctorDiary_A_01,Instrucciones de la tableta,Purah Pad Manual,Manuel de la tablette,프루아패드 사용 설명서,プルアパッド取扱説明書,Инструкция к Пураншету,Purah-tablet-handleiding,Manuale della tavoletta,PurahPad-Anleitung,普尔亚平板使用说明书,普爾亞平板使用說明書,Manuel de la tablette,Instrucciones de la tableta,Purah Pad Manual
Npc_Assassin_001,Investigador,Researcher,Archéologue,조사원,調査員,Исследователь,Onderzoeker,Ricercatore,Forscher,调查员,調查員,Archéologue,Investigador,Researcher
Npc_Assassin_008,Investigador,Researcher,Archéologue,조사원,調査員,Исследователь,Onderzoeker,Ricercatore,Forscher,调查员,調查員,Archéologue,Investigador,Researcher
Npc_Assassin_011,Investigador,Researcher,Archéologue,조사원,調査員,Исследователь,Onderzoeker,Ricercatore,Forscher,调查员,調查員,Archéologue,Investigador,Researcher
Npc_Assassin_012,Investigador,Researcher,Archéologue,조사원,調査員,Исследователь,Onderzoeker,Ricercatore,Forscher,调查员,調查員,Archéologue,Investigador,Researcher
Npc_Assassin_014,Investigador,Researcher,Archéologue,조사원,調査員,Исследователь,Onderzoeker,Ricercatore,Forscher,调查员,調查員,Archéologue,Investigador,Researcher
Npc_Assassin_015,Investigador,Researcher,Archéologue,조사원,調査員,Исследователь,Onderzoeker,Ricercatore,Forscher,调查员,調查員,Archéologue,Investigador,Researcher
Npc_Assassin_016,Investigador,Researcher,Archéologue,조사원,調査員,Исследователь,Onderzoeker,Ricercatore,Forscher,调查员,調查員,Archéologue,Investigador,Researcher
Npc_Assassin_021,Investigador,Researcher,Archéologue,조사원,調査員,Исследователь,Onderzoeker,Ricercatore,Forscher,调查员,調查員,Archéologue,Investigador,Researcher
Npc_Assassin_023,Investigador,Researcher,Archéologue,조사원,調査員,Исследователь,Onderzoeker,Ricercatore,Forscher,调查员,調查員,Archéologue,Investigador,Researcher
Npc_Umii_Minus_Scholar_A,Investigador,Researcher,Archéologue,조사원,調査員,Исследователь,Onderzoeker,Ricercatore,Forscher,调查员,調查員,Archéologue,Investigador,Researcher
Npc_Assassin_009,Investigadora,Researcher,Archéologue,조사원,調査員,Исследователь,Onderzoeker,Ricercatrice,Forscherin,调查员,調查員,Archéologue,Investigadora,Researcher
Npc_Assassin_013,Investigadora,Researcher,Archéologue,조사원,調査員,Исследователь,Onderzoeker,Ricercatrice,Forscherin,调查员,調查員,Archéologue,Investigadora,Researcher
Npc_Assassin_017,Investigadora,Researcher,Archéologue,조사원,調査員,Исследователь,Onderzoeker,Ricercatrice,Forscherin,调查员,調查員,Archéologue,Investigadora,Researcher
Npc_Assassin_018,Investigadora,Researcher,Archéologue,조사원,調査員,Исследователь,Onderzoeker,Ricercatrice,Forscherin,调查员,調查員,Archéologue,Investigadora,Researcher
Npc_Assassin_019,Investigadora,Researcher,Archéologue,조사원,調査員,Исследователь,Onderzoeker,Ricercatrice,Forscherin,调查员,調查員,Archéologue,Investigadora,Researcher
Npc_Assassin_020,Investigadora,Researcher,Archéologue,조사원,調査員,Исследователь,Onderzoeker,Ricercatrice,Forscherin,调查员,調查員,Archéologue,Investigadora,Researcher
Npc_Assassin_022,Investigadora,Researcher,Archéologue,조사원,調査員,Исследователь,Onderzoeker,Ricercatrice,Forscherin,调查员,調查員,Archéologue,Investigadora,Researcher
Npc_Umii_Minus_Scholar_C,Investigadora,Researcher,Archéologue,조사원,調査員,Исследователь,Onderzoeker,Ricercatrice,Forscherin,调查员,調查員,Archéologue,Investigadora,Researcher
Npc_SouthernVillage008,Iokua,Kinov,Romba,키노,キノ,Кинов,Kinov,Kinoh,Kinov,基诺,基諾,Romba,Hokue,Kinov
Npc_Goron_Cafe002,Irton,Gomo,Ountone,이톤,イートン,Едон,Gomo,Gurmot,Iston,伊顿,伊頓,Ountone,Irton,Gomo
Npc_Kakariko014,Itrea,Trissa,Citra,시트라,シトラ,Трисса,Trissa,Sidra,Zitra,西陀拉,西陀拉,Citra,Itrea,Trissa
Npc_HatenoVillage003,Ivena,Ivee,Lirriz,아이비,アイビー,Иви,Ivee,Ivy,Effi,阿伊比,阿伊比,Lirriz,Ivena,Ivee
Npc_NorthHatelHatago001,Izro,Izra,Elos,이즈라,イッソー,Изра,Izra,Issow,Isra,伊琐,伊瑣,Elos,Izron,Izra
Npc_Zora035,Jaht,Jiahto,Jitato,지아트,ジアート,Джиато,Jiahto,Jatt,Jiato,基奥托,基奧托,Jitato,Jaht,Jiahto
Npc_TamourPlainHatago_002,Jana,Jana,Jun,준,ジュン,Яна,Jana,Jun,Jana,茱英,茱英,Jun,Jana,Jana
Npc_BaseCampSoldier_Hylia004,Jasse,Jasz,Jass,자스,ジャス,Жасс,Jasz,Jass,Jass,贾斯,賈斯,Jass,Jasse,Jasz
Npc_Road_020,Jelor,Teli,Bérice,베리스,ベリス,Тэли,Teli,Belis,Belis,贝黎斯,貝黎斯,Bérice,Jelor,Teli
Npc_Goron013,Jengoro,Jengo,Tonjaga,톤자가,トンジャガ,Дженго,Jengo,Tonjaga,Jengo,顿嘉盖,頓嘉蓋,Tonjaga,Jengoro,Jengo
Npc_Road_025,Jenso,Endai,Bok,겐사,ゲンサイ,Эндай,Endai,Ghensai,Gennet,庚赛,庚賽,Bok,Jenso,Endai
Npc_FarthestIsland002,Jiogi,Mimo,Érab,미몬지,ミモジ,Мимио,Mimo,Mimogi,Mimo,米沫基,米沫基,Érab,Jiogi,Mimo
Npc_Attacked_007,Jorame,Jora,Jolaine,조럼,ジョラム,Йора,Jora,Joran,Jora,玖拉姆,佐拉姆,Jolaine,Jorame,Jora
Npc_NewsPaper013,Jorie,Onyn,Cambole,키와케,キギワケ,Лука,Onyn,Cambole,Kigiwake,琪吉瓦凯,琪吉瓦凱,Cambole,Jorie,Onyn
Npc_BaseCamp_Assistant,Josha,Josha,Josha,조슈아,ジョシュア,Джоша,Josha,Josha,Josha,乔舒亚,喬舒亞,Josha,Josha,Josha
Npc_OasisHylia_001,Jul,Jules,Lhys,유리,ユーリ,Жюли,Jules,Yuri,Yuli,尤里,尤里,Lhys,Jul,Jules
Npc_Road_021,Jutt,Joute,Ephèdre,마오,マーオウ,Джут,Joute,Judd,Marcos,马奥,馬奧,Ephèdre,Jutt,Joute
Npc_CraftSignboard001,Kabalit,Addison,Boulieh,애디슨,カバンダ,Березда,Addison,Gomada,Birkda,卡邦达,卡邦達,Boulieh,Kabalit,Addison
Npc_Cannon13_01,Kaben,Elmerson,Zelkovieh,앨머슨,ケヤキダ,Бонсайда,Elmerson,Zelkoda,Kovda,凯亚奇达,凱亞奇達,Zelkovieh,Kaben,Elmerson
Npc_Cannon_03,Kaben,Elmerson,Zelkovieh,앨머슨,ケヤキダ,Бонсайда,Elmerson,Zelkoda,Kovda,凯亚奇达,凱亞奇達,Zelkovieh,Kaben,Elmerson
Npc_Zora034,Kada,Gaddison,Octavieh,가디슨,ジョアダ,Жоада,Gaddison,Gioada,Joada,茱阿达,茱阿達,Octavieh,Gya,Gaddison
Npc_Goron025,Kadagoro,Pelison,Mohrtieh,펠리슨,ププンダ,Пунда,Pelison,Popunda,Pupunda,普彭达,普彭達,Mohrtieh,Kadagoro,Pelison
Npc_HighMountain010,Kadali,Fyson,Pervieh,파이슨,ペーダ,Клювда,Fyson,Penda,Peda,培达,培達,Pervieh,Kadali,Fyson
Npc_Goron023,Kadunia,Greyson,Shantieh,그레이슨,グレーダ,Дробилда,Greyson,Bullda,Grada,格莱达,格雷達,Shantieh,Kadunia,Greyson
Npc_BaseCamp006,Kaemor,Anson,Pandanieh,앤슨,アナダ,Панда,Anson,Napada,Anada,阿纳达,阿納達,Pandanieh,Kaemor,Anson
Npc_oasis050,Kaenne,Rhondson,Kornuieh,론드슨,パウダ,Герда,Rhondson,Pauda,Pauda,帕伍达,帕伍達,Kornuieh,Kaenne,Rhondson
Npc_Cannon02_01,Kagiel,Sawson,Chênieh,사우슨,クヌギダ,Дубда,Sawson,Ciakuda,Haloda,库努基达,庫努基達,Chênieh,Kagiel,Sawson
Npc_Umii_Ichikara_Scholar_C,Kahelia,Fernison,Fougieh,퍼니슨,シイダ,Бренда,Fernison,Silda,Farnada,悉伊达,悉伊達,Fougieh,Kahelia,Fernison
Npc_SmallOasis004,Kaish,Kachoo,Cajou,카츄,カチュー,Кати,Kachoo,Kaciù,Kahu,卡秋,卡秋,Cajou,Naish,Kachoo
Npc_SouthernVillage001,Kaley,Chessica,Chala,치샤,チシャ,Чессика,Chessica,Tisha,Chexter,奇西亚,奇西亞,Chala,Kaley,Chessica
Npc_Goron036,Kambe,Sanson,Poncieh,샌슨,サニダ,Нажда,Sanson,Levida,Sanida,萨尼达,薩尼達,Poncieh,Kambe,Sanson
Npc_oasis011,Kamure,Makure,Millie,머큐어,マキュア,Макури,Makure,Makure,Maku,玛丘亚,瑪丘亞,Millie,Kamure,Makure
HorseAssociationCustum003,Kanae,Canni,Koral,케니,カンカン,Канни,Canni,Canca,Koral,康妮,康妮,Koral,Yanae,Canni
Npc_Zora005,Kaporen,Kapson,Klavieh,카프슨,カポーダ,Капода,Kapson,Kapoda,Kapoda,卡颇达,卡頗達,Klavieh,Kaporen,Kapson
Npc_HatenoVillage030,Karad,Karson,Frobasieh,카슨,カツラダ,Зубилда,Karson,Cercida,Torda,桂达,桂達,Frobasieh,Karad,Karson
Npc_oasis012,Karah,Cara,Kora,마카라,マッカラ,Кара,Cara,Makkara,Cara,玛卡拉,瑪卡拉,Kora,Karah,Cara
Npc_AncientAssistant003,Karanthe,Grantéson,Nadieh,그랜슨,グラネッダ,Гранда,Grantéson,Granteda,Gratianda,古拉内达,古拉內達,Nadieh,Karanthe,Grantéson
Npc_Goron037,Karek,Chipson,Gravionieh,칩슨,チプレッダ,Гравда,Chipson,Spargda,Kisda,奇布磊达,奇布磊達,Gravionieh,Karek,Chipson
Npc_UMiiVillage033,Kariele,Mattison,Tinieh,매티슨,ウィッダ,Ванда,Mattison,Parruda,Matilda,微达,微達,Tinieh,Kariele,Mattison
Npc_UMiiVillage033_Gerudo,Kariele,Mattison,Tinieh,매티슨,ウィッダ,Ванда,Mattison,Parruda,Matilda,微达,微達,Tinieh,Kariele,Mattison
Npc_HatenoVillage029,Karin,Karin,Koryl,쿠린,クーリン,Карин,Karin,Kurin,Karin,库灵,庫靈,Koryl,Karin,Karin
Npc_HatenoVillage032,Karud,Bolson,Sérasieh,볼슨,サクラダ,Стройда,Bolson,Cerada,Landa,樱达,櫻達,Sérasieh,Karud,Bolson
Npc_Cannon02_02,Katoeli,Billson,Piquieh,빌슨,ツクンダ,Шнобда,Billson,Gerida,Schnabuda,兹库恩达,茲庫恩達,Piquieh,Katoeli,Billson
Npc_Cannon09_02,Katoeli,Billson,Piquieh,빌슨,ツクンダ,Шнобда,Billson,Gerida,Schnabuda,兹库恩达,茲庫恩達,Piquieh,Katoeli,Billson
Npc_Goron035,Kaurol,Trucson,Chargieh,트럭슨,ホロルダ,Грузда,Trucson,Palada,Rhalada,荷洛尔达,荷洛爾達,Chargieh,Kaurol,Trucson
Npc_Zora020,Kayden,Kayden,Gama,커티,カーティ,Кейден,Kayden,Karty,Kayden,卡提,卡提,Gama,Kayden,Kayden
Npc_AncientAssistant004,Keline,Jerrin,Jérine,제린,ジェリン,Джеррин,Jerrin,Jerrin,Jerrin,洁琳,潔琳,Jérine,Zheline,Jerrin
Npc_TabantaBridgeHatago002,Keneo,Kenyo,Kann,켄,ケン,Кенио,Kenyo,Ken,Kenyo,肯,肯,Kann,Kenyo,Kenyo
Npc_SouthernVillage005,Keok,Mubs,Oriace,무베,ムベ,Мува,Mubs,Mube,Mubs,穆贝,穆貝,Oriace,Keok,Mubs
Npc_Zora012,Keyo,Keye,Neiro,안테,アンテ,Кай,Keye,Antem,Eton,昂特,昂特,Neiro,Keye,Keye
Npc_SouthernVillage007,Kiana,Kiana,Plati,키코,キキョウ,Киана,Kiana,Kikyo,Kiana,基丘乌,基丘烏,Plati,Kiana,Kiana
Npc_MamonoShop,Kilton,Kilton,Kilton,킬튼,キルトン,Килтон,Kilton,Kilton,Kilton,吉尔顿,吉爾頓,Kilton,Kilton,Kilton
Npc_GerudoGate_Soldier001,Kinaeh,Naia,Karna,일네,イルーネ,Мани,Naia,Ungula,Irune,伊鲁聂,伊魯聶,Karna,Kinaeh,Naia
Npc_TamourHatago003,Kiney,Khini,Bakhini,바키니,バッキニー,Кини,Khini,Bacchinì,Bachini,巴基尼,巴基尼,Bakhini,Khiney,Khini
Npc_DeathWestHatago_002,Kish,Kish,Kilou,키슈,キッシュ,Киш,Kish,Kisshu,Kish,基叙,基敘,Kilou,Kish,Kish
KohgaNoTitle,Kogg,Kohga,Kohga,코가,コーガ,Кога,Kohga,Koga,Koga,可盖,可蓋,Kohga,Kogg,Kohga
Npc_Kakariko003,Koko,Koko,Coconoa,코코나,ココナ,Коко,Koko,Coco,Koko,珂珂娜,珂珂娜,Coconoa,Koko,Koko
Npc_Zora008,Koldah,Kodah,Kodah,코다,コダー,Кота,Kodah,Kodah,Kodar,珂答,珂答,Kodah,Koldah,Kodah
KorokCarryPassenger_Pair,Kolog,Korok,Korogu,코로그,コログ,Корок,Korok,Korogu,Krog,克洛格,克洛格,Korogu,Kolog,Korok
KorokCarry_Destination,Kolog,Korok,Korogu,코로그,コログ,Корок,Korok,Korogu,Krog,克洛格,克洛格,Korogu,Kolog,Korok
Npc_HiddenKorokGround,Kolog,Korok,Korogu,코로그,コログ,Корок,Korok,Korogu,Krog,克洛格,克洛格,Korogu,Kolog,Korok
Npc_NushiShop,Koltin,Koltin,Koltin,콜텐,コルテン,Колтин,Koltin,Koltin,Koltin,柯尔天,柯爾天,Koltin,Koltin,Koltin
Npc_oasis008,Komane,Pritana,Pavah,프레스타,プレスタ,Притана,Pritana,Prestha,Pritana,普莱丝塔,普雷絲塔,Pavah,Komane,Pritana
Npc_SmallOasis012,Konora,Konora,Cottera,코롱,コロン,Конора,Konora,Koron,Konora,珂隆,珂隆,Cottera,Konora,Konora
Npc_BaseCamp_Gerudo001,Kooren,Kora,Palgane,코르기,コルギ,Кора,Kora,Korugi,Korugi,科尔奇,科爾奇,Palgane,Kooren,Kora
Npc_Goron_Cafe03,Korogan,Barin,Digon,코간코,コガンコ,Капо,Barin,Hargin,Daik,柯刚克,柯剛克,Digon,Korogan,Barin
Npc_HighMountain032,Kotoli,Kotts,Kuhis,코츠,コッツ,Коттс,Kotts,Kotts,Kan,珂茨,珂茨,Kuhis,Kotoli,Kotts
Npc_oasis029,Kotta,Kohm,Rucombe,코움,コーム,Кооми,Kohm,Kohm,Kohmi,珂姆,珂姆,Rucombe,Haia,Kohm
Npc_SouthernVillageGambler,Kounar,Cloyne,Kabara,코한,チョウハン,Клойн,Cloyne,Cho Han,Dohann,丁半,丁半,Kabara,Kounar,Cloyne
Npc_MiniGame_Crosscountry,Krosban,Konba,Bouhlo,크로칸바,クロカンバ,Конба,Konba,Croquembou,Kordt,克罗康巴,克羅康巴,Bouhlo,Krosban,Konba
Npc_HighMountain035,Kumeli,Kheel,Quill,키르,キール,Кира,Kheel,Quill,Kihl,奇尔,奇爾,Quill,Kumeli,Kheel
Npc_kokiri012,Kuoy,Kula,Almus,카랏세,カラッセ,Кула,Kula,Pinoll,Fagus,卡拉塞,卡拉塞,Almus,Kuoy,Kula
Npc_Road_011,Kyra,Kyra,Zinnia,포드머,ポドマ,Кайра,Kyra,Podoma,Kyra,珀多玛,珀多瑪,Zinnia,Kyra,Kyra
Npc_Road_026,Laek,Spoone,Dianel,오사지,オサジ,Спун,Spoone,Osagi,Lofella,奥萨基,奧薩基,Dianel,Laek,Spoone
Npc_Zora015,Lafra,Laflat,Mébol,플라라트,フララット,Лямоль,Laflat,Flatte,Amol,福拉拉拖,福拉拉托,Mébol,Falgra,Laflat
Npc_Zora007,Larita,Laruta,Narutel,라루타,ルラチュ,Ларута,Laruta,Lairta,Laruta,鲁拉曲,魯拉曲,Narutel,Lairta,Laruta
Npc_oasis023,Lash,Lashley,Lammech,러쉬,ラッシュ,Лаша,Lashley,Lash,Augissa,拉绣,拉繡,Lammech,Lash,Lashley
Npc_Kakariko016,Lasli,Lasli,Amboise,라즈리,ラズリ,Ласли,Lasli,Lasli,Himba,拉兹莉,拉茲莉,Amboise,Lasli,Lasli
Npc_oasis009,Layne,Laine,Lamenn,라이너,ライナ,Лайна,Laine,Raina,Laina,拉亦娜,拉亦娜,Lamenn,Layne,Laine
Npc_kokiri003,Layrel,Daz,Esamus,다지,ダズィー,Даз,Daz,Cecino,Sesamus,戴兹,戴茲,Esamus,Layrel,Daz
Npc_Road_018,Leborie,Brokka,Roblico,로브리코,ロブリッコ,Брокка,Brock,Robrik,Broccola,洛卜莉可,洛卜莉可,Roblico,Leborie,Brokka
Npc_oasis040,Leena,Leena,Inelle,린넬,リンネル,Лина,Leena,Rinnel,Line,玲奈尔,玲奈爾,Inelle,Leena,Leena
Npc_RitoHatago001,Leifin,Lester,Pistou,레스,レス,Лестер,Lester,Les,Leif,赖斯,賴斯,Pistou,Leif,Lester
Npc_Attacked_001,Lekia,Leekah,Areau,리키,リーキ,Лика,Leekah,Rikky,Porrah,莉基,莉基,Areau,Leekah,Leekah
Npc_AncientAssistant005,Lekto,Wortsworth,Lizron,리도우,リードウ,Чтеня,Wortsworth,Legenz,Rezian,里德乌,里德烏,Lizron,Lekto,Wortsworth
Npc_Kakariko006,Lemo,Olkin,Tiron,나킨,ナーキン,Олкин,Olkin,Narzucco,Narbis,纳金,納金,Tiron,Lemm,Olkin
Npc_RidgeRoad_AncientAssistant,Leshie,Lecia,Lycia,리샤,リーシャ,Лиша,Lecia,Lysha,Liescha,里夏,里夏,Lycia,Leshie,Lecia
Npc_Road_009,Lettuy,Letty,Slaeda,슬레타,スレッタ,Летти,Letty,Letta,Lasat,丝勒塔,絲勒塔,Slaeda,Lettuy,Letty
Npc_HatenoVillage020,Lilia,Amira,Amarylli,아마릴리,アマリリ,Амира,Amira,Amarilli,Amira,阿玛莉丽,阿瑪莉麗,Amarylli,Lilia,Amira
Npc_OasisStudent_B,Lissen,Risa,Licoh,리사,リッスン,Риса,Risa,Lissen,Risa,莉森,莉森,Licoh,Lissen,Risa
Npc_Kakariko011,Livo,Ollie,Olive,올리베,オリベー,Олли,Ollie,Olivé,Olivo,奥立贝,奧立貝,Olive,Livo,Ollie
Npc_Road_045,Loni,Lonni,Cibline,라니,ラニー,Лонни,Lonni,Lonny,Lani,拉妮,拉妮,Cibline,Norelia,Lonni
Npc_Kakariko010,Lora,Rola,Cherrola,세로라,セローラ,Рола,Rola,Cerola,Cerola,塞罗拉,塞羅拉,Cherrola,Lorah,Rola
Npc_HatenoVillage024,Lorelia,Ralera,Lorelo,로렐,ロレル,Ралера,Ralera,Lorel,Ralera,萝莱尔,羅雷爾,Lorelo,Lorelle,Ralera
Npc_HatenoVillage024_AssassinFake,Lorelia,Ralera,Lorelo,로렐,ロレル,Ралера,Ralera,Lorel,Ralera,萝莱尔,羅雷爾,Lorelo,Lorelle,Ralera
Npc_oasis027,Loteen,Rotana,Rhodoni,로틴,ロテイン,Ротана,Rotana,Lotein,Rotana,罗汀,羅汀,Rhodoni,Loteen,Rotana
Npc_HatenoRoad_AncientAssistant,Lucolda,Lourda,Cordieh,루코다,ルコダ,Кордаи,Lourda,Lucora,Lucorda,鲁可达,魯可達,Cordieh,Lucolda,Lourda
Npc_NewsPaper009,Lukk,Rugle,Quérot,코루크,コルック,Рукко,Rugle,Koruc,Kuralo,柯鲁库,柯魯庫,Quérot,Lukk,Rugle
Npc_Remains_Fancier001,Lune,Loone,Lune,류네,リュネ,Луни,Loone,Lune,Lune,柳奈,柳奈,Lune,Lune,Loone
Npc_Umii_Road_Scholar_A,Mabok,Kabok,Kabok,카보크,カボック,Сейб,Kabok,Kabok,Kabok,卡波克,卡波克,Kabok,Mabok,Kabok
Npc_KorokFly003,Madro,Mokka,Mattari,마타리,マッタリ,Матари,Mokka,Mattari,Mattius,马塔利,馬塔利,Mattari,Madro,Mokka
Npc_MercenarySoldier_Camper003,Maest,Budder,Maëzu,마에스트,マエスト,Маэст,Budder,Tolmes,Marest,玛埃斯特,瑪埃斯特,Maëzu,Maest,Budder
Npc_Road_007,Maety,Kairo,Charroh,채리오,チャリオ,Кайро,Kairo,Chario,Chari,恰里奥,恰里奧,Charroh,Goroma,Kairo
Npc_Road_029,Maeyne,Karsh,Zébaie,카샤,カーシャ,Карша,Karsh,Karsha,Karsha,咖夏,咖夏,Zébaie,Maeyne,Karsh
Npc_Challenge093Lady,Magda,Magda,Magda,오코바,オコバ,Окоба,Magda,Ocoba,Ocoba,奥可芭,奧可芭,Magda,Magda,Magda
Npc_Kokiri010,Magnol,Zooki,Glanis,쥬키,アズキ,Зуки,Zooki,Azuki,Azukius,阿兹基,阿茲基,Glanis,Magnoll,Zooki
Npc_TamourPlainHatago_001,Maifa,Kaifa,Kaifa,카이퍼,カイファ,Кайва,Kaifa,Kaifa,Kaifa,凯法雅,凱法雅,Kaifa,Maifa,Kaifa
Npc_OasisGoddess,Maiya,Muava,Malva,무아바,ムバキュ,Муава,Muava,Mubakyu,Muava,姆芭丘,姆芭丘,Malva,Maiya,Muava
Npc_RiverSideHatago003,Makber,Ember,Makem,매켄버,マッケンバー,Эмбер,Ember,Makemba,Ember,玛肯保,瑪肯保,Makem,Makber,Ember
HorseGod001,Malanya,Malanya,Marlon,마용,マーロン,Малания,Malanya,Ippan,Mahlon,马泷,馬瀧,Marlon,Malanya,Malanya
Npc_HatenoVillage022,Manzak,Manny,Hamel,매니,マンサク,Мэнни,Manny,Manzak,Mansa,万作,萬作,Hamel,Manzak,Manny
Npc_OasisStep_B,Maore,Bertri,Marantih,매트리,マトリー,Матри,Bertri,Mator,Matori,玛托莉,瑪托莉,Marantih,Maore,Bertri
Npc_Road_031,Mapio,Maypin,Poiron,머핀,マピン,Мейпин,Maypin,Mapio,Maupin,马平,馬平,Poiron,Mapio,Maypin
Npc_Assassin_002,Marcatendencias,Stylish Person,Fan de mode,멋쟁이,おしゃれな人,Стиляга,Trendsetter,Modaiola,Modekennerin,时尚者,時尚者,Fashionista,Marcatendencias,Stylish Person
Npc_Assassin_004,Marcatendencias,Stylish Person,Fan de mode,멋쟁이,おしゃれな人,Стиляга,Trendsetter,Modaiola,Modekennerin,时尚者,時尚者,Fashionista,Marcatendencias,Stylish Person
Npc_Assassin_010,Marcatendencias,Stylish Person,Dandy,멋쟁이,おしゃれな人,Стиляга,Trendsetter,Modaiolo,Modekenner,时尚者,時尚者,Dandy,Marcatendencias,Stylish Person
Npc_OasisSoldier_A,Maryen,Marta,Makma,마파,マーパ,Марта,Marta,Marpa,Marta,玛帕,瑪帕,Makma,Maryen,Marta
Npc_DeathEastHatago_002,Masatt,Kima,Mark,키마,マサーキィ,Масарк,Kima,Masaki,Masarki,麦萨奇,麥薩奇,Mark,Masatt,Kima
Npc_HatenoVillage001,Matik,Sayge,Soje,세지,セージ,Сейдж,Sayge,Serge,Balsai,瑟吉,瑟吉,Soje,Matik,Sayge
Npc_Road_040,Maubo,Baumar,Bambo,바우머,コノタケ,Бомар,Baumar,Ubbam,Bumbas,珂诺塔肯,珂諾塔肯,Bambo,Maubo,Baumar
Npc_MercenarySoldier_Hylia002A,Maxin,Mashmo,Massima,마시마,マッシマ,Масим,Mashmo,Maxin,Masim,马锡麻,馬錫麻,Massima,Maxin,Mashmo
Npc_DeathMt001,Mayro,Mayro,Mero,샨푸,サンフ,Мейро,Mayro,Sanf,Mero,桑伏,桑伏,Mero,Mayro,Mayro
Npc_HighMountain011,Mazett,Mazli,Nazuri,나즐리,ナズリー,Мазли,Mazli,Nasli,Masuli,纳兹力,納茲力,Nazuri,Mazlett,Mazli
Npc_Attacked_009,Meghyn,Meghyn,Uscade,메구,メグ,Мегин,Meghyn,Meg,Meg,玫古,玫古,Uscade,Meghyn,Meghyn
Npc_Goron030,Megoro,Drak,Forjann,드레장,ドリジャン,Драк,Drak,Dorigian,Drak,多立疆,多立疆,Forjann,Mugoro,Drak
Npc_Kakariko008,Melia,Mellie,Melo,메로,メロ,Мелли,Mellie,Mella,Melo,美洛,美洛,Melo,Melia,Mellie
TwnObj_HatenoVillage_ZeldaDiary_A_02,Memorándum,School Notes,Journal de classe,연락 수첩,連絡帖,Записная книжка,Lerarenboek,Registro,Korrespondenzbuch,联络簿,聯絡簿,Journal de classe,Memorándum,School Notes
Npc_NewsPaper005,Menna,Pahla,Becky,요메나,ヨメナ,Бекия,Pahla,Bekia,Bekkia,尤美纳,尤美納,Becky,Menna,Pahla
LambdaTextNpc,Mensaje de Nambod,Misko's Letter,Message de Lambda,도적 람다의 메시지,盗賊ラムダのメッセージ,Послание Лямбды,Bericht van Lambda,Messaggio di Lambda,Ramdas Botschaft,大盗拉姆达的信息,大盜拉姆達的訊息,Message de Lambda,Mensaje de Nambod,Misko's Letter
Npc_MercenarySoldier_Camper002,Menter,Menter,Mendair,멘터,メンター,Ментер,Menter,Menter,Koelogus,梅恩塔,梅恩塔,Mendair,Menter,Menter
Npc_oasis010,Mereen,Merina,Marisa,무에리타,ムエリータ,Мирина,Merina,Muelita,Merina,姆艾丽塔,姆艾麗塔,Marisa,Moreen,Merina
Npc_Road_034,Merk,Ronn,Ron,론,ロン,Ронн,Ronn,Ron,Ron,龙恩,龍恩,Ron,Merk,Ronn
Npc_SmallOasis010,Merui,Emri,Emireil,에밀리,エメリ,Эмри,Emri,Emeri,Emri,埃梅莉,艾梅莉,Emireil,Merui,Emri
Npc_HyruleDepthHatago002,Mety,Myti,Maneigor,무티,ムティ,Мити,Myti,Mooty,Myti,姆悌,姆蒂,Maneigor,Mety,Myti
Npc_Assassin_Junior,Miembro del clan Yiga,Yiga Footsoldier,Sous-fifre Yiga,이가단 구성원,イーガ団 構成員,Бандит Ига,Yiga-bendelid,Scagnozzo degli Yiga,Yiga-Novize,依盖队 成员,依蓋隊 成員,Sous-fifre yiga,Esbirro del clan Yiga,Yiga Footsoldier
Npc_Assassin_Junior_001,Miembro del clan Yiga,Yiga Footsoldier,Sous-fifre Yiga,이가단 구성원,イーガ団 構成員,Бандит Ига,Yiga-bendelid,Scagnozzo degli Yiga,Yiga-Novize,依盖队 成员,依蓋隊 成員,Sous-fifre yiga,Esbirro del clan Yiga,Yiga Footsoldier
Npc_Assassin_Junior_002,Miembro del clan Yiga,Yiga Footsoldier,Sous-fifre Yiga,이가단 구성원,イーガ団 構成員,Бандит Ига,Yiga-bendelid,Scagnozzo degli Yiga,Yiga-Novize,依盖队 成员,依蓋隊 成員,Sous-fifre yiga,Esbirro del clan Yiga,Yiga Footsoldier
Npc_Assassin_Junior_003,Miembro del clan Yiga,Yiga Footsoldier,Sous-fifre Yiga,이가단 구성원,イーガ団 構成員,Бандит Ига,Yiga-bendelid,Scagnozzo degli Yiga,Yiga-Novize,依盖队 成员,依蓋隊 成員,Sous-fifre yiga,Esbirro del clan Yiga,Yiga Footsoldier
Npc_Assassin_Junior_Azito001,Miembro del clan Yiga,Yiga Footsoldier,Sous-fifre Yiga,이가단 구성원,イーガ団 構成員,Бандит Ига,Yiga-bendelid,Scagnozzo degli Yiga,Yiga-Novize,依盖队 成员,依蓋隊 成員,Sous-fifre yiga,Esbirro del clan Yiga,Yiga Footsoldier
Npc_Assassin_Junior_Azito002,Miembro del clan Yiga,Yiga Footsoldier,Sous-fifre Yiga,이가단 구성원,イーガ団 構成員,Бандит Ига,Yiga-bendelid,Scagnozzo degli Yiga,Yiga-Novize,依盖队 成员,依蓋隊 成員,Sous-fifre yiga,Esbirro del clan Yiga,Yiga Footsoldier
Npc_Assassin_Junior_Azito003,Miembro del clan Yiga,Yiga Footsoldier,Sous-fifre Yiga,이가단 구성원,イーガ団 構成員,Бандит Ига,Yiga-bendelid,Scagnozzo degli Yiga,Yiga-Novize,依盖队 成员,依蓋隊 成員,Sous-fifre yiga,Esbirro del clan Yiga,Yiga Footsoldier
Npc_Assassin_Junior_Azito004,Miembro del clan Yiga,Yiga Footsoldier,Sous-fifre Yiga,이가단 구성원,イーガ団 構成員,Бандит Ига,Yiga-bendelid,Scagnozzo degli Yiga,Yiga-Novize,依盖队 成员,依蓋隊 成員,Sous-fifre yiga,Esbirro del clan Yiga,Yiga Footsoldier
Npc_Assassin_Junior_Azito005,Miembro del clan Yiga,Yiga Footsoldier,Sous-fifre Yiga,이가단 구성원,イーガ団 構成員,Бандит Ига,Yiga-bendelid,Scagnozzo degli Yiga,Yiga-Novize,依盖队 成员,依蓋隊 成員,Sous-fifre yiga,Esbirro del clan Yiga,Yiga Footsoldier
Npc_Assassin_Junior_Azito006,Miembro del clan Yiga,Yiga Footsoldier,Sous-fifre Yiga,이가단 구성원,イーガ団 構成員,Бандит Ига,Yiga-bendelid,Scagnozzo degli Yiga,Yiga-Novize,依盖队 成员,依蓋隊 成員,Sous-fifre yiga,Esbirro del clan Yiga,Yiga Footsoldier
Npc_Assassin_Junior_Azito007,Miembro del clan Yiga,Yiga Footsoldier,Sous-fifre Yiga,이가단 구성원,イーガ団 構成員,Бандит Ига,Yiga-bendelid,Scagnozzo degli Yiga,Yiga-Novize,依盖队 成员,依蓋隊 成員,Sous-fifre yiga,Esbirro del clan Yiga,Yiga Footsoldier
Npc_Assassin_Junior_Azito008,Miembro del clan Yiga,Yiga Footsoldier,Sous-fifre Yiga,이가단 구성원,イーガ団 構成員,Бандит Ига,Yiga-bendelid,Scagnozzo degli Yiga,Yiga-Novize,依盖队 成员,依蓋隊 成員,Sous-fifre yiga,Esbirro del clan Yiga,Yiga Footsoldier
Npc_Assassin_Junior_Azito009,Miembro del clan Yiga,Yiga Footsoldier,Sous-fifre Yiga,이가단 구성원,イーガ団 構成員,Бандит Ига,Yiga-bendelid,Scagnozzo degli Yiga,Yiga-Novize,依盖队 成员,依蓋隊 成員,Sous-fifre yiga,Esbirro del clan Yiga,Yiga Footsoldier
Npc_Assassin_Junior_Tribune,Miembro del clan Yiga,Yiga Footsoldier,Sous-fifre Yiga,이가단 구성원,イーガ団 構成員,Бандит Ига,Yiga-bendelid,Scagnozzo degli Yiga,Yiga-Novize,依盖队 成员,依蓋隊 成員,Sous-fifre yiga,Esbirro del clan Yiga,Yiga Footsoldier
Npc_BaseCamp_AncientAssistant003,Millie,Mylle,Camille,미루,ミール,Ромаша,Mylle,Milla,Mille,蜜卢,蜜盧,Camille,Millie,Mylle
Npc_Strange_Beacon,Mimra,Moza,Moza,미모쟈,ミモザ,Мимоза,Moza,Mimoza,Mimosa,米默扎,米默扎,Moza,Mimra,Moza
Dm_Npc_Raumi,Mineru,Mineru,Mineru,미넬,ミネル,Минеру,Mineru,Mineru,Mineru,米涅鲁,米涅魯,Mineru,Mineru,Mineru
Npc_RaumiGolem_Sage,Mineru,Mineru,Mineru,미넬,ミネル,Минеру,Mineru,Mineru,Mineru,米涅鲁,米涅魯,Mineru,Mineru,Mineru
Npc_oasis037,Mirene,Traysi,Bourgette,세나,ミツバ,Трилисса,Traysi,Trifoglia,Kletis,三叶,三葉,Bourgette,Mirene,Traysi
Npc_Zora009,Mirta,Marot,Orestrech,마루토,マルート,Маро,Marot,Marut,Marot,玛尔图,瑪爾圖,Orestrech,Mirta,Marot
Npc_HighMountain003,Moeli,Molli,Mohino,모모,モモ,Молли,Molli,Momo,Molli,桃虹,桃虹,Mohino,Molli,Molli
Npc_UMiiVillage008,Moggs,Moggs,Mogg,모그스,モクセン,Могс,Moggs,Moxen,Moggs,莫克森,莫克森,Mogg,Moggs,Moggs
Npc_UMiiVillage007,Mohna,Monari,Monalie,모나리,モナリー,Монари,Monari,Monalì,Monari,莫娜莉,莫娜莉,Monalie,Mohna,Monari
Npc_BaseCampSoldier_Hylia001,Molien,Drozer,Dross,모우젠,モウゼン,Янко,Drozer,Daros,Doros,莫泽恩,莫澤恩,Dross,Molien,Drozer
Npc_Goron040,Moltar,Mota,Mohtar,모타,モッタ,Мотро,Mota,Mothor,Motta,莫塔,莫塔,Mohtar,Moltar,Mota
Npc_TabantaHatago001,Monkton,Monkton,Monquie,몬키,モンキ,Монктон,Monkton,Monkton,Monkton,蒙基,蒙基,Monquie,Monkton,Monkton
Npc_HyrulePlain006,Morhei,Molo,Molokhia,모로헤이,モロヘイ,Моло,Molo,Morofei,Molokhia,摩洛黑,摩洛黑,Molokhia,Morhei,Molo
Npc_MiniGame_Golf,Mottar,Modar,Mota,그리프트,グリフト,Модар,Modar,Grift,Grift,格力弗特,格力弗特,Mota,Mottaro,Modar
Npc_GerudoCanyon002,Muri,Barles,Bléa,츠무기,ツムギ,Пшенни,Barles,Tica,Sumugi,姿姆琪,姿姆琪,Bléa,Muri,Barles
Npc_Zora004,Muzun,Muzu,Meryth,무즈리,ムズリ,Музу,Muzu,Morit,Muzu,慕兹力,慕茲力,Meryth,Muzun,Muzu
Npc_MercenarySoldier_Hylia007,Mynol,Mino,Minohr,미노르,ミノール,Мино,Mino,Minol,Niamin,米诺鲁,米諾魯,Minohr,Mynol,Mino
Npc_HighMountain021,Mysali,Misa,Mésa,미사,ミササ,Миса,Misa,Misa,Misa,米莎莎,米莎莎,Mésa,Mysali,Misa
Npc_MercenarySoldier_Hylia009,Namat,Hamata,Hamata,하마타,ハマタ,Кувш,Hamata,Hamat,Hamatar,哈马塔,哈馬塔,Hamata,Namat,Hamata
Npc_SmallOasis009,Namire,Maike,Menaccly,메캡,メキャプ,Маике,Maike,Mecap,Maike,梅肯朴,梅肯樸,Menaccly,Namire,Maike
Npc_Kakariko015,Nana,Nanna,Bah Nahna,바난나,バナンナ,Нанна,Nanna,Bananna,Nanna,巴南娜,巴南娜,Bah Nahna,Nana,Nanna
Npc_HatenoVillage007,Narah,Narah,Êchenn,나라,ナララ,Нара,Narah,Narara,Narah,纳拉拉,納拉拉,Êchenn,Narah,Narah
Npc_Attacked02_003,Narcis,Nars,Sarnice,나르시소,ナルシッソ,Арцис,Nars,Sarnic,Narcis,那鲁希索,那魯希索,Sarnice,Narcis,Nars
Npc_oasis021,Nareen,Nali,Etrevis,네리슈,ネリッシュ,Нали,Nali,Nelish,Nali,内丽秀,內麗秀,Etrevis,Nareen,Nali
Npc_HatenoVillage005,Narkin,Nack,Baschua,나크,ナツユキ,Накк,Nack,Natsuyuki,Narkin,纳茨宇基,納茨宇基,Baschua,Narkin,Nack
Npc_OasisTeacher,Nasha,Ashai,Azahl,와셔,ワーシャ,Ашаи,Ashai,Washa,Ashai,瓦夏,瓦夏,Azahl,Nasha,Ashai
Npc_BaseCamp_Gerudo004,Natieh,Nanoa,Matie,나노테,ナノーテ,Нанотера,Nanoa,Nanotera,Nanoteh,纳诺帖,納諾帖,Matie,Natieh,Nanoa
Npc_Attacked_008,Natts,Nat,Musca,나츠,ナツ,Ната,Nat,Nats,Nat,娜茨,娜茨,Musca,Natts,Nat
Npc_HatenoVillage006,Nay,Nikki,Coria,니키,ナギコ,Никки,Nikki,Nagiko,Nagi,纳基珂,納基珂,Coria,Nay,Nikki
Npc_oasis025,Nayna,Teake,Cherisah,치크,チーク,Тики,Teake,Cik,Tekla,琪珂,琪珂,Cherisah,Nayna,Teake
Npc_Road_033,Nazob,Nazbi,Bergin,나즈비,ナズビー,Назби,Nazbi,Lanzano,Auberg,纳兹比,納茲比,Bergin,Nazob,Nazbi
Npc_HatenoVillage008,Nebb,Nebb,Erhêt,네브,ナブ,Небб,Nebb,Nabu,Nebbo,纳卜,納卜,Erhêt,Nebb,Nebb
Npc_KorokFly006,Nebro,Jatora,Jatora,자토라,ジャトラ,Торая,Jatora,Jatora,Torajus,贾托拉,賈托拉,Jatora,Nebro,Jatora
Npc_Attacked_012,Nell,Nell,Fenouh,네르펜,ネルフェン,Нелл,Nell,Nelfen,Nell,内尔梵,內爾梵,Fenouh,Nell,Nell
Npc_BaseCamp007,Nepin,Nappin,Penth,넨테스,ネンテス,Непен,Nappin,Nentes,Nentes,聂提斯,聶提斯,Penth,Nepin,Nappin
Npc_oasis028,Nereen,Malena,Merveila,멜레나,メルエナ,Малена,Malena,Meluena,Malena,梅尔埃娜,梅爾艾娜,Merveila,Nereen,Malena
Npc_OasisMilk_E,Nesooru,Furosa,Furosa,플로스,フロス,Фуроса,Furosa,Furosa,Furosa,芙洛丝,芙洛絲,Furosa,Nesooru,Furosa
Npc_HorseBuyer_03,Nespi,Parga,Aspa,아스파,アスパ,Аспа,Parga,Aspar,Sargel,阿斯帕,阿斯帕,Aspa,Nespi,Parga
Npc_MiniGame_Basketball,Nesto,Ornest,Nidus,네스트,ネスト,Гендзо,Ornest,Nydo,Nestor,聂斯特,聶斯特,Nidus,Nesto,Ornest
Npc_Road_005,Nihn,Kanny,Kulinn,에나시,エナシマ,Кенни,Kanny,Enash,Nathemar,艾纳西迈,艾納西邁,Kulinn,Nihn,Kanny
Npc_SouthernVillage014,Nikao,Garini,Argose,리가니,リガニー,Гарини,Garini,Nigari,Garini,利迦尼,利迦尼,Argose,Nikao,Garini
Npc_Zora_Attendant002,Nimu,Khira,Imu,키라,イム,Сола,Khira,Semik,Imu,伊姆,伊姆,Imu,Nimu,Khira
Npc_Attacked_006,Nirman,Mils,Nirva,닐바,ニルヴァー,Милс,Mils,Nirva,Mils,尼尔巴,尼爾巴,Nirva,Nirman,Mils
Npc_TamourHatago002,Nobunel,Nobo,Lasto,노보,ノボタン,Нобо,Nobo,Nobotan,Nobo,诺波坦,諾波坦,Lasto,Nobunel,Nobo
Npc_kokiri001,Nokke,Tasho,Coquis,타쵸,タッチオ,Ташо,Tasho,Stacchio,Tazius,泰奇奥,泰奇奧,Coquis,Nokke,Tasho
Npc_SmallOasis007,Nolio,Nobiro,Allium,노빌,ノビル,Нобиро,Nobiro,Nobir,Nobiro,诺比尔,諾比爾,Allium,Nolio,Nobiro
Npc_oasis018,Nooru,Nellie,Lava,네루,ネルー,Нелли,Nellie,Nerù,Neru,奈尔,奈爾,Lava,Nooru,Nellie
Npc_Umii_Kakariko_Scholar_C,Noryne,Cori,Coryne,코리네,コリーネ,Кокори,Cori,Korin,Korine,科里聂,科里聶,Coryne,Noryne,Cori
Obj_Hateno_MessageBook,Nota de Lorelia,Ralera's Letter,Message de Lorelo,로렐이 남긴 편지,ロレルの書き置き,Письмо Ралеры,Brief van Ralera,Messaggio di Lorel,Raleras Nachricht,萝莱尔的留言,羅雷爾的留言,Message de Lorelo,Nota de Lorelle,Ralera's Letter
Npc_HighMountain031,Notali,Notts,Elle,난,ナン,Ноттс,Notts,Nan,Nan,娜楠,娜楠,Elle,Notali,Notts
TwnObj_HatenoVillage_MayorDiary_A_01,Notas de Rendell,Reede's Diary,Journal de Baldinn,리드의 일기,クサヨシの日記,Дневник Рида,Reedes dagboek,Diario di Xaiosh,Rietnars Tagebuch,科沙尤西的日记,科沙尤西的日記,Journal de Baldinn,Notas de Rendell,Reede's Diary
Obj_DiaryAssassin_A_01,Notas del clan Yiga,Yiga Clan Journal,Journal des Yigas,이가단 일지,イーガ団日誌,Дневник Ига,Yiga-bendelogboek,Diario del clan Yiga,Yiga-Bandenbuch,依盖队日志,依蓋隊日誌,Journal des Yigas,Notas del clan Yiga,Yiga Clan Journal
Npc_Road_008,Notume,Toma,Thorma,토토마,トトマ,Тома,Toma,Totoma,Toma,托托玛,托托瑪,Thorma,Notume,Toma
Npc_SouthernVillage010,Numar,Numar,Nufar,누마노,ヌマヒノ,Нумар,Numar,Numar,Numar,努迈西诺,努邁西諾,Nufar,Numar,Numar
Npc_BaseCamp_Zora001,Numien,Numien,Numien,누미엔,ヌミエン,Дими,Numien,Numien,Nuendo,努弥艾恩,努彌艾恩,Numien,Numien,Numien
Npc_OasisMilk_C,Nyra,Pyra,Pyroh,피이로,ピーロ,Пира,Pyra,Pyro,Pyra,匹萝,匹羅,Pyroh,Feena,Pyra
Npc_OldKorok,Obab,Hestu,Noïa,보쿠린,ボックリン,Эсту,Hestu,Castonne,Maronus,伯库林,伯庫林,Noïa,Obab,Hestu
Npc_OasisSoldier_C,Obeen,Babi,Borodo,버블,ボブル,Ваби,Babi,Bobul,Babi,波布尔,波布爾,Borodo,Obeen,Babi
Npc_Assassin_Middle_001,Oficial del clan Yiga,Yiga Blademaster,Officier Yiga,이가단 간부,イーガ団 幹部,Головорез Ига,Yiga-elitesoldaat,Pezzo grosso degli Yiga,Yiga-Offizier,依盖队 干部,依蓋隊 幹部,Officier yiga,Oficial del clan Yiga,Yiga Blademaster
Npc_Assassin_Middle_002,Oficial del clan Yiga,Yiga Blademaster,Officier Yiga,이가단 간부,イーガ団 幹部,Головорез Ига,Yiga-elitesoldaat,Pezzo grosso degli Yiga,Yiga-Offizier,依盖队 干部,依蓋隊 幹部,Officier yiga,Oficial del clan Yiga,Yiga Blademaster
Npc_Assassin_Middle_003,Oficial del clan Yiga,Yiga Blademaster,Officier Yiga,이가단 간부,イーガ団 幹部,Головорез Ига,Yiga-elitesoldaat,Pezzo grosso degli Yiga,Yiga-Offizier,依盖队 干部,依蓋隊 幹部,Officier yiga,Oficial del clan Yiga,Yiga Blademaster
Npc_Assassin_Middle_004,Oficial del clan Yiga,Yiga Blademaster,Officier Yiga,이가단 간부,イーガ団 幹部,Головорез Ига,Yiga-elitesoldaat,Pezzo grosso degli Yiga,Yiga-Offizier,依盖队 干部,依蓋隊 幹部,Officier yiga,Oficial del clan Yiga,Yiga Blademaster
Npc_Assassin_Middle_Azito001,Oficial del clan Yiga,Yiga Blademaster,Officier Yiga,이가단 간부,イーガ団 幹部,Головорез Ига,Yiga-elitesoldaat,Pezzo grosso degli Yiga,Yiga-Offizier,依盖队 干部,依蓋隊 幹部,Officier yiga,Oficial del clan Yiga,Yiga Blademaster
Npc_Assassin_Middle_Azito002,Oficial del clan Yiga,Yiga Blademaster,Officier Yiga,이가단 간부,イーガ団 幹部,Головорез Ига,Yiga-elitesoldaat,Pezzo grosso degli Yiga,Yiga-Offizier,依盖队 干部,依蓋隊 幹部,Officier yiga,Oficial del clan Yiga,Yiga Blademaster
Npc_Assassin_Middle_Azito003,Oficial del clan Yiga,Yiga Blademaster,Officier Yiga,이가단 간부,イーガ団 幹部,Головорез Ига,Yiga-elitesoldaat,Pezzo grosso degli Yiga,Yiga-Offizier,依盖队 干部,依蓋隊 幹部,Officier yiga,Oficial del clan Yiga,Yiga Blademaster
Npc_Goron033,Ofrani,Offrak,Vator,오프락,イッフル,Оффрак,Offrak,Offrak,Offrak,伊福尔,伊福爾,Vator,Ofrani,Offrak
Npc_kokiri002,Ogal,Walton,Cernus,나모민,ナモミン,Валтон,Walton,Noccio,Valnus,纳末敏,納末敏,Cernus,Ogal,Walton
Npc_HighMountain040,Oggo,Jogo,Johgo,죠고,ジョウゴ,Джого,Jogo,Yugo,Jogo,久戈,久戈,Johgo,Oggo,Jogo
Npc_BaseCamp011,Ondan,Monte,Clemis,몬다나,モンダナ,Ломон,Monte,Mont,Mondan,蒙达纳,蒙達納,Clemis,Ondan,Monte
Npc_HighMountain025,Oneli,Verla,Balley,발레,バレー,Балер,Verla,Barlet,Verla,巴勒,巴勒,Balley,Oneli,Verla
Npc_HighMountain041,Oney,Juney,Junoh,쥬노,ジュノー,Джуни,Juney,Yuni,Juno,茱诺,茱諾,Junoh,Oney,Juney
Npc_HyruleWestHatago003,Onyen,Onya,Nyon,네기스,ネギュイ,Онио,Onya,Neguy,Onyen,内谷伊,內谷伊,Nyon,Onyen,Onya
Npc_NewsPaper012,Orchi,Tilla,Orcynthe,시란,シラン,Дея,Tilla,Chidea,Betill,希岚,希嵐,Orcynthe,Orchi,Tilla
Npc_HatenoVillage025,Orene,Koyin,Naye,코윈,トコユ,Койин,Koyin,Tokoyo,Koyin,托可优,托可優,Naye,Orenne,Koyin
Npc_HorseBuyer_04,Orle,Doritt,Nourée,도리타,ドリータ,Гретхен,Doritt,Dorita,Dorita,多利塔,多利塔,Nourée,Orle,Doritt
Npc_Zora036,Orphel,Torfeau,Poréa,토루포,トルフォー,Торфо,Torfeau,Torf,Torfeau,托尔伏,托爾伏,Poréa,Orphel,Torfeau
Npc_Road_027,Orren,Dayto,Magnol,데이토,ダエトール,Дейто,Dayto,Daytol,Dayto,达艾拓鲁,達艾拓魯,Magnol,Orren,Dayto
Npc_Eldin_Hylia002,Orthin,Borrs,Thopos,홀토스,ホルトス,Эпипрем,Borrs,Orthos,Horthos,荷尔特斯,荷爾特斯,Thopos,Orthin,Borrs
Npc_BaseCamp004,Osiehl,Kosi,Ehler,코사엘,コサエル,Моран,Kosi,Siahler,Ersiehl,克萨艾尔,克薩艾爾,Ehler,Osiehl,Kosi
Npc_kokiri005,Otil,Maca,Makus,마카마카,マカマカ,Мака,Maca,Maca,Macus,玛卡玛喀,瑪卡瑪加,Makus,Otil,Maca
Npc_AkkareRoad_AncientAssistant,Ougan,Bougan,Bougain,부겐,ブーゲン,Буген,Bougan,Bugan,Bougain,布盖恩,布蓋恩,Bougain,Ougan,Bougan
Npc_oasis019,Oyle,Olu,Ormillon,올루,オルイル,Ойла,Olu,Olu,Ola,奥尔依儿,奧爾依兒,Ormillon,Oyle,Olu
Npc_DeathEastHatago_001,Ozen,Ozunda,Anseau,오즈,オッズ,Озун,Ozunda,Ozzuh,Ozu,奥兹,奧茲,Anseau,Ozen,Ozunda
Npc_Road_036,Pabb,Savelle,Savy,사비,サヴィ,Савель,Savelle,Savy,Avi,萨维,薩維,Savy,Pabb,Savelle
Npc_FaronHatago_001,Padón,Padok,Kopad,파도크,パドーク,Падок,Padok,Padoque,Padok,帕朵克,帕朵克,Kopad,Paddon,Padok
NPC_oasis004_fr03,Palt,Palme,Plame,파르메,パーム,Пальм,Palme,Pahm,Parmo,帕穆,帕穆,Plame,Palt,Palme
Npc_RiverSideHatago002,Parsy,Parcy,Parisse,파리세,パリッセ,Парси,Parcy,Parissa,Parisse,帕莉塞,帕莉塞,Parisse,Parcy,Parcy
Npc_Gerudo_Hylia001,Pelran,Platt,Plaère,프라토,プラト,Эпиф,Platt,Tillan,Prato,普拉特,普拉特,Plaère,Pelran,Platt
Npc_Rito_Postman_001,Penn,Penn,Penn,펜,ペーン,Пенн,Penn,Penn,Paen,沛恩,沛恩,Penn,Penn,Penn
Npc_Orchestra_M_P,Perkuss,Beetz,Nambour,비츠,ビーツ,Буба,Beetz,Badum,Bietz,毕兹,畢茲,Nambour,Perkuss,Beetz
Npc_SouthernVillage015,Perye,Perda,Radima,페디,ペディ,Икура,Perda,Bedi,Bedi,佩蒂,佩蒂,Radima,Perye,Perda
Npc_Zora_NewFaceSoldier002,Piann,Pinoa,Pinoa,피노아,ピノア,Пиани,Pinoa,Pinoa,Pinoa,皮诺亚,皮諾亞,Pinoa,Piann,Pinoa
Npc_gerudovalley001,Pilou,Pirou,Pirou,피르엘,ピルエ,Пиру,Pirou,Pirue,Pirou,匹鲁艾,匹魯艾,Pirou,Pilou,Pirou
Npc_Bowling,Pondo,Pondo,Pondo,폰드,ポンド,Пондо,Pondo,Pondo,Pondo,彭多,彭多,Pondo,Phond,Pondo
Npc_HatenoGate003,Prait,Garill,Euptus,프리토스,プリトス,Гарилл,Garill,Pritos,Pritus,普利拖司,普利托司,Euptus,Prait,Garill
subchallnpc000_twin,Pristen,Prissen,Prissène,브리센,ブリセン,Приссен,Prissen,Prissen,Prissen,布利森,布利森,Prissène,Pristen,Prissen
Npc_AncientDoctor,Prunia,Purah,Pru'ha,프루아,プルア,Пура,Purah,Pruna,Purah,普尔亚,普爾亞,Pru'ha,Prunia,Purah
Npc_Goron039,Pumiro,Kalamp,Gersoin,프크램,プンクラ,Скобо,Kalamp,Settmor,Remalk,彭库拉,彭庫拉,Gersoin,Pumiro,Kalamp
Npc_MercenarySoldier_Hylia005,Purel,Purpen,Sapour,프렐,プレル,Сарр,Purpen,Purel,Purer,普雷尔,普雷爾,Sapour,Purel,Purpen
Npc_oasis044,Pyene,Spera,Ébis,에스피,エスピ,Спира,Spera,Espih,Spera,埃丝皮,艾絲皮,Ébis,Pyene,Spera
Npc_KorokFly001,Querco,Mopu,Moresup,모레스푸,モレスプゥ,Сьюп,Mopu,Resup,Moresupus,莫雷斯普,莫雷斯普,Moresup,Querco,Mopu
Npc_BaseCamp014,Quiro,Kiimo,Maniok,키키모,キキーモ,Намбур,Kiimo,Antoel,Nambu,奇奇莫,奇奇莫,Maniok,Quiro,Kiimo
Npc_MercenarySoldier_Hylia008B,Rafiel,Raffa,Raffalel,라파렐,ラファレル,Рафалер,Raffa,Rafal,Rafaler,拉法雷尔,拉法雷爾,Raffalel,Rafiel,Raffa
Npc_goron001,Raigor,Tray,Rorc,트레이,ラートレー,Трей,Tray,Ratoler,Ratore,拉拖雷,拉托雷,Rorc,Raigor,Tray
Npc_Road_046,Rakim,Basel,Bazel,라킴,ラキム,Базелл,Basel,Bashel,Bazel,拉基姆,拉基姆,Bazel,Rakim,Basel
Npc_MercenarySoldier_Hylia003B,Rand,Landi,Landy,랜디,ランディ,Ланди,Landi,Copel,Pelandi,蓝谛,藍諦,Landy,Rand,Landi
Npc_Road_042,Rando,Naddon,Godon,네이든,ナッドン,Наддон,Naddon,Naddon,Naddon,纳顿,納頓,Godon,Gorando,Naddon
Npc_Umii_Kakariko_Scholar_H,Rangil,Drenja,Hortent,란지아,ランジア,Рангео,Drenja,Rangel,Rangia,岚吉亚,嵐吉亞,Hortent,Rangil,Drenja
Npc_Goron011,Rangoro,Slergo,Tokach,슬레고,トカチン,Слерго,Slergo,Tokacin,Tokatschin,托喀咚,托喀咚,Tokach,Rangoro,Slergo
Npc_BaseCamp003,Ranto,Aja,Raja,라저,ラジャ,Раджи,Aja,Rajah,Rajah,拉贾,拉賈,Raja,Ranto,Aja
Dm_Npc_Raul,Rauru,Rauru,Rauru,라울,ラウル,Рауру,Rauru,Raul,Rauru,劳鲁,勞魯,Rauru,Rauru,Rauru
Npc_oasis026,Raysa,Ploka,Roseillah,플로카,ツィーザ,Твиза,Ploka,Tuiza,Pinja,茨扎,茨扎,Roseillah,Raysa,Ploka
Npc_Road_023,Razul,Kazul,Sarmet,카즈나비,カズナビ,Касул,Kazul,Kasnab,Kasula,卡兹纳比,卡茲納比,Sarmet,Razul,Kazul
Npc_MercenarySoldier_Goron001B,Reboro,Raybun,Briro,레이번,レイブン,Лом,Raybun,Vastad,Reibun,雷布恩,雷布恩,Briro,Reboro,Raybun
Obj_DiaryRito001_A_01,Recetas de Mysali,Misa's Recipe Book,Recettes de Mésa,미사의 조리법,ミササのレシピ帳,Рецепты Мисы,Misa's receptenboek,Ricettario di Misa,Misas Kochbuch,米莎莎的食谱,米莎莎的食譜,Recettes de Mésa,Recetas de Mysali,Misa's Recipe Book
Npc_Zora013,Redo,Ledo,Telago,레트건,レトーガン,Ледо,Ledo,Letogan,Letogan,雷托冈,雷托岡,Telago,Redo,Ledo
Npc_OasisWaterChannel,Reeva,Calyban,Kajouah,캐리번,キャリバン,Калибан,Calyban,Caliban,Caliban,凯列邦,凱列邦,Kajouah,Reeva,Calyban
Npc_HorseBuyer_01,Regen,Nembis,Tulos,레겐,レーゲン,Лото,Nembis,Tolos,Rigen,雷庚,雷庚,Tulos,Regen,Nembis
Obj_DiaryGerudo_A_03,Registro de Sudrey,Lookout Post Logbook,Journal de surveillance,감시소 일지,監視所の日誌,Журнал дозорных,Observatiepostlogboek,Diario della base,Ausgucktagebuch,监视所的日志,監視所的日誌,Journal de surveillance,Registro de Sudrey,Lookout Post Logbook
Obj_DiaryAssassin_A_04,Registros de desarrollo,Lightning Helm Journal,Journal de développement,호뢰의 투구 개발 일지,護雷の兜開発日誌,Журнал разработки,Helmlogboek,Registro di sviluppo,Forschungstagebuch,护雷头盔开发日志,護雷頭盔開發日誌,Journal de développement,Registros de desarrollo,Lightning Helm Journal
TwnObj_Circuit_Ichikara_RuleBook,Reglamento,Rulebook,Règles du rallye,룰 북,ルールブック,Книга правил,Reglement,Regolamento,Regelwerk,规则书,規則書,Règles du rallye,Reglamento,Rulebook
TwnObj_Circuit_Uotori_RuleBook,Reglamento,Rulebook,Règles du rallye,룰 북,ルールブック,Книга правил,Reglement,Regolamento,Regelwerk,规则书,規則書,Règles du rallye,Reglamento,Rulebook
TwnObj_Village_InvestigatorDiary_A_01,Reglas del grupo zonnan,ZST: Three Big Ideas,Règles des archéologues,조나우 조사대의 3수칙,ゾナウ調査隊 3つの心得,Три правила ГпИЗ,Onderzoeksgroepregels,Regole del gruppo,3 Hinweise für Forscher,左纳乌调查队三个心得,左納烏調查隊三個心得,Règles des archéologues,Reglas del grupo zonnan,ZST: Three Big Ideas
Npc_TamourHatago2_001,Reks,Rex,Reks,렉스,レックス,Рекс,Rex,Rex,Rex,雷克斯,雷克斯,Reks,Reks,Rex
UnknownNPC_Mineru,Reliquia zonnan,Zonai Relic,Vestige Soneau,조나우의 유물,ゾナウの遺物,Реликвия зонаи,Zonai-artefact,Reliquia Zonau,Sonau-Relikt,左纳乌遗物,左納烏遺物,Vestige soneau,Reliquia zonnan,Zonai Relic
Npc_HatenoVillage,Rendell,Reede,Baldinn,리드,クサヨシ,Рид,Reede,Xaiosh,Rietnar,科沙尤西,科沙尤西,Baldinn,Rendell,Reede
Npc_HatenoVillage_Armed,Rendell,Reede,Baldinn,리드,クサヨシ,Рид,Reede,Xaiosh,Rietnar,科沙尤西,科沙尤西,Baldinn,Rendell,Reede
Npc_TamourHatago005,Rhindo,Rudi,Riselle,릿토,リツト,Руди,Rudi,Lyt,Rizo,利赐特,利賜特,Riselle,Rhindo,Rudi
Npc_Road_003,Rikkun,Rik,Cumis,리큐,リキュウ,Рик,Rik,Rico,Rik,力丘,力丘,Cumis,Rikkun,Rik
Npc_oasis014,Rimu,Rima,Rubica,리무버,リムーバ,Рима,Rima,Limba,Rima,力姆芭,力姆芭,Rubica,Rimu,Rima
Npc_Zora026,Rinley,Finley,Alfine,피네,フィネ,Финли,Finley,Finel,Fine,菲内,菲內,Alfine,Rinley,Finley
Npc_Zora031,Rivan,Rivan,Byrotan,리트반,リトバン,Риван,Rivan,Ritoban,Taribon,栗托邦,栗托邦,Byrotan,Rivan,Rivan
Npc_Zora006,Ronk,Fronk,Nelsice,프론크,フーキュ,Фронк,Fronk,Fughiu,Fuger,扶丘,扶丘,Nelsice,Ronk,Fronk
Npc_SmallOasis005,Rost,Robsten,Lobstenn,롭스터,ロブスタ,Робстен,Robsten,Robster,Robsten,洛布司塔,洛布司塔,Lobstenn,Rost,Robsten
Npc_AncientDoctor_Hateno,Rotver,Robbie,Faras,로베리,ロベリー,Робби,Robbie,Rovely,Robelo,洛贝利,洛貝利,Faras,Rotver,Robbie
Npc_SouthernVillage013,Rozel,Rozel,Biscus,로젤,ローゼル,Розли,Rozel,Rozel,Rosel,洛泽尔,洛澤爾,Biscus,Rozel,Rozel
Npc_Zora011,Rudan,Tumbo,Pemto,폰테,ポンテ,Тумбо,Tumbo,Potem,Tembo,彭特,彭特,Pemto,Rudan,Tumbo
Npc_GerudoGate_AncientAssistant002,Ruilo,Livo,Livier,프리오,プーリオ,Олив,Livo,Voly,Purio,普利欧,普利歐,Livier,Ruilo,Livo
Npc_Goron051,Rusgoro,Kresh,Konka,래셔,ラッシャー,Дробин,Kresh,Sgretor,Brex,拉夏,拉夏,Konka,Rusgoro,Kresh
NPC_Lanayru001,Russ,Russ,Russel,러셀,ラッセル,Расс,Russ,Rassel,Russel,拉塞尔,拉塞爾,Russel,Russ,Russ
Npc_HatenoVillage014,Rya,Prima,Onag,프리마,ツキミ,Прима,Prima,Tsukimi,Primella,茨琪米,茨琪米,Onag,Rya,Prima
Npc_SouthHateru006,Saaren,Rensa,Nagache,후서린,フッサレン,Ренса,Rensa,Hussaren,Fussaren,弗撒兰,弗撒蘭,Nagache,Saaren,Rensa
Npc_GerudoCanyonHatago001,Saffe,Piaffe,Peiffa,피아페,ピアフェ,Пьяффе,Piaffe,Piaffe,Piaffe,皮阿斐,皮阿斐,Peiffa,Saffe,Piaffe
Npc_HutagoHatago_Woman_01,Sagesa,Sagessa,Sagesa,사게사,サゲサ,Сагесса,Sagessa,Sagisa,Sagesa,莎盖莎,莎蓋莎,Sagesa,Sagesa,Sagessa
Npc_Umii_Kakariko_Scholar_B,Sagru,Saguru,Sagaro,사구르,サグル,Сагуо,Saguru,Saguar,Sagru,萨古尔,薩古爾,Sagaro,Sagru,Saguru
Npc_OasisStudent_A,Sahoru,Pasha,Pisanso,프샹,プシャン,Пуша,Pasha,Pushan,Ampu,普香,普香,Pisanso,Sahooru,Pasha
Npc_Road_013,Samia,Meeshy,Shysim,시시모,シシモ,Миси,Meeshy,Shysim,Sissimo,西西摩,西西摩,Shysim,Shimie,Meeshy
Npc_NewVolcanicRoad_AncientAssistant,Sando,Sango,Jurneas,산고바,サンゴバ,Сангоба,Sango,Sagov,Sangoba,桑戈巴,桑戈巴,Jurneas,Sando,Sango
Npc_MercenarySoldier_Hylia006,Sane,Sanov,Sanové,사노베,サノベー,Сановей,Sanov,Sanve,Razen,萨诺贝,薩諾貝,Sanové,Sane,Sanov
Npc_HighMountain005,Sareli,Saki,Dézelle,사키,サキ,Саки,Saki,Saki,Saki,莎琪,莎琪,Dézelle,Sareli,Saki
Npc_BaseCampSoldier_Hylia003,Sarrac,Coppora,Corpo,코폴라,コッポラ,Ацен,Coppora,Sarrac,Coppora,柯波拉,柯波拉,Corpo,Sarrac,Coppora
Npc_MercenarySoldier_Hylia004A,Sart,Sharce,Danquin,샤크스,シャークス,Шакт,Sharce,Skal,Saks,夏克斯,夏克斯,Danquin,Sart,Sharce
Npc_Attacked02_001,Sarvyo,Savrey,Sarriet,세리보,サリーボ,Сатурей,Savrey,Toreg,Sarivo,萨利博,薩利博,Sarriet,Sarvyo,Savrey
Npc_oasis042,Saryen,Liana,Lobinn,란제,ランジェ,Лиана,Liana,Lanje,Lanja,朗洁,朗潔,Lobinn,Saryen,Liana
Npc_Road_Firone002,Sasie,Suzuna,Anassa,스스아나,ススアナ,Сузуна,Suzuna,Suluana,Sasunne,斯丝阿娜,斯絲阿娜,Anassa,Sasie,Suzuna
Npc_Bottle_Mes001,Sassan,Sasan,Mabbou,사사노,ササノ,Сасан,Sasan,Sasan,Sasan,萨撒诺,薩撒諾,Mabbou,Sassan,Sasan
Npc_MercenarySoldier_Hylia002,Sautis,Sawtu,Sotous,소티스,ソティス,Сотис,Sawtu,Sotis,Sotis,索提斯,索提斯,Sotous,Sautis,Sawtu
Npc_oasis022,Sayda,Fegran,Frambra,프레그라,フレグラ,Флегра,Fegran,Flegra,Flegra,芙莱格拉,芙雷格拉,Frambra,Sayda,Fegran
Npc_Road_043,Sayru,Laroba,Zannelle,라보라,ラボーラ,Лароба,Laroba,Giangiara,Balora,拉玻拉,拉玻拉,Zannelle,Sayru,Laroba
Npc_FaronWoods003,Saín,Shay,Pratue,샤이,ソウヘイ,Шей,Shay,Sohei,Sohai,索赫伊,索赫伊,Pratue,Shain,Shay
Npc_Zora014,Segón,Seggin,Étorpe,세곤,セゴン,Сеггин,Seggin,Sekon,Segon,塞恭,塞恭,Étorpe,Siggun,Seggin
Npc_GerudoGate_AncientAssistant003,Seliera,Fenlin,Corette,세르치코,セルチコ,Сельва,Fenlin,Sertik,Selchiko,赛尔奇克,賽爾奇克,Corette,Seliera,Fenlin
Npc_IceVillage011,Selmie,Selmie,Selmie,셀미,スレミー,Селми,Selmie,Selmy,Selmie,丝莱米,絲蕾米,Selmie,Selmie,Selmie
Npc_OasisSoldier_B,Semadi,Smaude,Rhodie,스마우드,セミディ,Семиди,Smaude,Semedi,Semidi,瑟迷笛,瑟迷笛,Rhodie,Semadi,Smaude
Npc_HighMountain020,Seseli,Cecili,Sélestie,세실리,セセリー,Сесили,Cecili,Sesil,Cecili,瑟赛丽,瑟賽麗,Sélestie,Seseli,Cecili
Npc_oasis039,Shaboen,Shabonne,Sibur,샤본느,シャボンヌ,Шабонна,Shabonne,Shabonne,Shabonne,夏本努,夏本努,Sibur,Shaboen,Shabonne
Npc_oasis047,Shadda,Padda,Pavro,패들,パドル,Падора,Padda,Pador,Padoru,帕多卢,帕多盧,Pavro,Shante,Padda
Npc_oasis015,Shayne,Saula,Rogorj,사쥬,サジュ,Саула,Saula,Saju,Saiga,撒玖,薩珠,Rogorj,Shayne,Saula
Npc_MercenarySoldier_Hylia008,Sicin,Siceno,Sicinatta,시시나타,シシナタ,Сицин,Siceno,Sittax,Sittik,希希纳塔,希希納塔,Sicinatta,Sicin,Siceno
Npc_ZoraB001,Sidon,Sidon,Sidon,시드,シド,Сидон,Sidon,Sidon,Sidon,希多,希多,Sidon,Sidon,Sidon
Npc_BaseCamp002,Sila,Sila,Cilas,사일락,サイラック,Сиренна,Sila,Sylac,Flido,赛拉克,賽拉克,Cilas,Sila,Sila
Npc_LakeSideHatago006,Sima,Cima,Shimina,시미너,シミナー,Сима,Cima,Cimina,Cimina,西米纳,西米納,Shimina,Shima,Cima
Npc_DeathEastHatago_003,Sitta,Gaile,Zalbane,케이트,ケート,Гайла,Gaile,Kert,Kerte,凯特,凱特,Zalbane,Sitta,Gaile
Npc_HatenoVillage019,Sofora,Sophie,Sophora,소피,ソフォラ,Софи,Sophie,Sofora,Sophora,索芙拉,索芙拉,Sophora,Sofora,Sophie
Npc_HighMountain034,Sogeli,Cree,Kuigri,그리그리,グリグリ,Гули,Cree,Guri,Gurli,格里戈莉,格里戈莉,Kuigri,Sogeli,Cree
Npc_HatenoVillage019_SisterA,Sogene,Cece,Goutiée,사고노,サゴノ,Сагоно,Cece,Sagono,Sagono,萨格诺,薩格諾,Goutiée,Sogene,Cece
Npc_TabantaBridgeHatago004,Soh,Sho,Son,쇼,ショー,Шио,Sho,Sho,Sho,修,修,Son,Shoh,Sho
Npc_Attacked_010,Sorelia,Sorelia,Ozille,오제이,オゼーユ,Сорелия,Sorelia,Oselle,Sorelia,奥塞雨,奧塞雨,Ozille,Sorelia,Sorelia
Npc_GerudoDesert002,Sorene,Pokki,Pohrpi,팩트,パクト,Покки,Pokki,Pakut,Pokki,帕可忒,帕可蒂,Pohrpi,Sorenne,Pokki
Npc_SouthHateru005,Soret,Shibo,Opah,시보우,シーバ,Шибо,Shibo,Shibo,Shibo,希巴,希巴,Opah,Shilo,Shibo
Npc_HyruleWestHatago005,Sprinn,Sprinn,Ullare,스플린,スプリン,Спринн,Sprinn,Sprin,Sporin,思普林,思普林,Ullare,Sprinn,Sprinn
Npc_GerudoDesert001,Sudrey,Sudrey,Saum,소프,ソープ,Садри,Sudrey,Sohp,Sudra,索璞,索璞,Saum,Sudrey,Sudrey
Npc_KarakaraRoad_AncientAssistant,Sulenia,Senia,Sylvis,스베니아,スベニア,Мальва,Senia,Sulenia,Sylvia,史贝尼亚,史貝尼亞,Sylvis,Sulenia,Senia
Npc_OasisMilk_B,Sumati,Sumati,Gamagy,스마티,スマティ,Сумати,Sumati,Sumati,Sumati,司麦缇,司麥緹,Gamagy,Sumati,Sumati
Npc_SmallOasis003,Syane,Shaillu,Meris,슈슈,シュシュ,Шушу,Shaillu,Shushu,Piloru,旭秀,旭秀,Meris,Syane,Shaillu
Npc_AncientAssistant001,Symon,Symin,Canel,시몬,シモン,Симин,Symin,Simon,Symin,西蒙,西蒙,Canel,Symon,Symin
Npc_HatenoVillage021,Séfar,Sefaro,Sépharo,세파로,セファーロ,Сефаро,Sefaro,Sefaro,Sefaro,瑟法罗,瑟法羅,Sépharo,Granath,Sefaro
Npc_MiniGame_BasketBall_Launcher,Taburo,Tabult,Tabult,터벌트,タバルト,Тапульт,Tabult,Tabult,Tabult,塔巴鲁特,塔巴魯特,Tabult,Taburo,Tabult
Npc_Zora001,Takro,Tottika,Tacca,타카,タッカ,Токкин,Tottika,Takka,Tacca,泰喀,泰喀,Tacca,Takro,Tottika
Npc_Attacked_011,Tamina,Mina,Themen,톰미,トンミ,Минна,Mina,Tonmi,Mina,彤迷,彤迷,Themen,Tamina,Mina
Npc_GerudoCanyon003,Tarkon,Rahdo,Diblan,다콘,ダーコン,Дайко,Rahdo,Tarkon,Darkon,达空,達空,Diblan,Tarkon,Rahdo
Npc_Goron050,Tarmin,Cubo,Mehkub,류베,リュウベ,Кубомет,Cubo,Roqub,Cubim,琉贝,琉貝,Mehkub,Tarmin,Cubo
Npc_Road_044,Tars,Stamm,Nip,머츠,マッツ,Стамм,Stamm,Matts,Matz,麦茨,麥茨,Nip,Tars,Stamm
Npc_oasis016,Tarya,Dalia,Tiklama,티클,ティクル,Талия,Talia,Ticla,Talia,缇克尔,緹克爾,Tiklama,Tarya,Dalia
Npc_HutagoHatago_001,Tasio,Tasseren,Gachane,테서린,タッサレン,Тассерен,Tasseren,Tassaren,Tassaren,塔撒兰,塔撒蘭,Gachane,Tather,Tasseren
Npc_AncientAssistant003_K1,Tauro,Tauro,Tauro,타우로,タウロ,Тауро,Tauro,Tauro,Tauro,塔乌洛,塔烏洛,Tauro,Tauro,Tauro
Npc_ValleyVillage010,Teba,Teba,Teba,테바,テバ,Тэба,Teba,Teba,Teba,特巴,特巴,Teba,Teba,Teba
Npc_HighMountain004,Tecón,Kaneli,Kaï,칸,カーン,Канели,Kaneli,Kahn,Kaneli,卡昂,卡昂,Kaï,Tyto,Kaneli
Npc_Umii_Kakariko_SpecialPartsShopNPC,Temmo,Gordi,Jiaolan,채즐,チャズル,Гино,Gordi,Ginpen,Jiolan,恰兹鲁,恰茲魯,Jiaolan,Temmo,Gordi
HorseAssociationCustum001,Teren,Tenne,Tenn,텐,テン,Тенни,Tenne,Ten,Tenne,特娜,特娜,Tenn,Teren,Tenne
Npc_TripMaster_00,Terry,Beedle,Beedle,테리,テリー,Бидл,Beedle,Terry,Terri,特里,特里,Terry,Terry,Beedle
Npc_HatenoVillage004,Tesun,Seldon,Cycas,셀든,ソテツ,Селдон,Seldon,Sotetsu,Seldon,索特茨,索特茨,Cycas,Tesun,Seldon
TwnObj_RitoRecordsBook,Textos orni,Rito Records,Texte Piaf,리토의 문헌,リトの文献,Книга рито,Rito-literatuur,Documenti Rito,Orni-Buch,利特的文献,利特的文獻,Texte piaf,Textos orni,Rito Records
Npc_HatenoVillage015,Thade,Thadd,Renou,사드,タデ,Тадд,Thadd,Tadde,Knut,泰德,泰德,Renou,Thade,Thadd
Npc_BaseCamp_Gerudo003,Thera,Tharatera,Soliera,탈라테라,タラテラ,Таласса,Tharatera,Talatera,Tharatera,塔拉铁拉,塔拉鐵拉,Soliera,Thera,Tharatera
Npc_HatenoVillage028,Tibo,Teebo,Pico,티보,タチボウ,Тибо,Teebo,Tacibo,Tibo,泰奇波,泰奇波,Pico,Tibo,Teebo
Npc_Zora025,Toani,Tona,Klessol,토온,トオン,Тона,Tona,Toan,Tona,托恩,托恩,Klessol,Toan,Tona
Npc_HyruleDepthHatago007,Tonfar,Toffa,Tabos,토파,トーテツ,Тоффа,Toffa,Totes,Todor,陀特茨,陀特茨,Tabos,Tonfar,Toffa
Npc_BaseCampSoldier_Hylia002,Toramin,Burwar,Grasset,트린스,トリムス,Рянк,Burwar,Gupin,Gupin,托里牧斯,托里牧斯,Grasset,Toramin,Burwar
Npc_TabantaBridgeHatago005,Toren,Toren,Tholu,드류,トリュー,Торен,Toren,Toryu,Toren,陀鲁,陀魯,Tholu,Toren,Toren
Npc_HatenoVillage013,Torio,Tokk,Theyer,토크,トックリ,Токк,Tokk,Tokkuri,Tokk,德利,德利,Theyer,Torio,Tokk
Npc_Goron034,Toronuk,Tule,Tiou,코구,コグ,Струмо,Tule,Pinion,Tensi,可谷,可谷,Tiou,Toronuk,Tule
TwnObj_Village_InvestigatorDiary_A_03,Traducción del grabado,Deciphered Slabs,Traduction de la dalle,석판 해독 기록,石板解読記録,Отчет о расшифровке,Ontcijferde monumenten,Traduzioni delle stele,Steintafelübersetzung,石板解读记录,石板解讀記錄,Traduction de la dalle,Traducción del grabado,Deciphered Slabs
TwnObj_Village_InvestigatorDiary_A_04,Traducción del grabado,Deciphered Slabs,Traduction de la dalle,석판 해독 기록,石板解読記録,Отчет о расшифровке,Ontcijferde monumenten,Traduzioni delle stele,Steintafelübersetzung,石板解读记录,石板解讀記錄,Traduction de la dalle,Traducción del grabado,Deciphered Slabs
TwnObj_Village_InvestigatorDiary_A_05,Traducción del grabado,Deciphered Slabs,Traduction de la dalle,석판 해독 기록,石板解読記録,Отчет о расшифровке,Ontcijferde monumenten,Traduzioni delle stele,Steintafelübersetzung,石板解读记录,石板解讀記錄,Traduction de la dalle,Traducción del grabado,Deciphered Slabs
TwnObj_Village_InvestigatorDiary_A_06,Traducción del grabado,Deciphered Slabs,Traduction de la dalle,석판 해독 기록,石板解読記録,Отчет о расшифровке,Ontcijferde monumenten,Traduzioni delle stele,Steintafelübersetzung,石板解读记录,石板解讀記錄,Traduction de la dalle,Traducción del grabado,Deciphered Slabs
TwnObj_Village_InvestigatorDiary_A_07,Traducción del grabado,Deciphered Slabs,Traduction de la dalle,석판 해독 기록,石板解読記録,Отчет о расшифровке,Ontcijferde monumenten,Traduzioni delle stele,Steintafelübersetzung,石板解读记录,石板解讀記錄,Traduction de la dalle,Traducción del grabado,Deciphered Slabs
Npc_Zora027,Treilo,Trello,Mordan,모르덴,モルデン,Трелло,Trello,Molden,Molden,摩尔登,摩爾登,Mordan,Treilo,Trello
Npc_Orchestra_M_H,Trompatt,Eustus,Coréo,유호르,ユーフォル,Роки,Eustus,Eufon,Eupho,余福尔,余福爾,Coréo,Trompatt,Eustus
Npc_HyruleDepthHatago003,Trott,Trott,Trott,트롯,トロット,Тротт,Trott,Trott,Trond,图洛陀,圖洛陀,Trott,Trott,Trott
Npc_HatenoVillage009,Tura,Senna,Seym,센,セン,Сенна,Senna,Sen,Senna,森娜,森娜,Seym,Tura,Senna
Npc_HighMountain001,Tureli,Tulin,Babil,튤리,チューリ,Тюлин,Tulin,Tulin,Tulin,丘栗,丘栗,Babil,Tureli,Tulin
Npc_Attacked_004,Tynel,Tye,Thim,임터,イムタ,Тай,Tye,Timo,Mianti,伊姆塔,伊姆塔,Thim,Tynel,Tye
Npc_Goron017,Ugoro,Fugo,Fuhgo,후고,フーゴー,Хуго,Fugo,Hugo,Hugo,呼戈,呼戈,Fuhgo,Hugoro,Fugo
Npc_BaseCamp_AncientAssistant002,Ujon,Grunyon,Kujoh,쿠조,クジョー,Кудзи,Grunyon,Kujo,Kujoh,柯玖,柯玖,Kujoh,Ujon,Grunyon
Npc_HatenoVillage012,Ulmo,Medda,Filip,메다,シモツケ,Меддо,Meddo,Shimotsuke,Meddo,西默茨凯,西默茨凱,Filip,Ulmo,Medda
Npc_oasis017,Urye,Pearle,Porupah,펄,パール,Парли,Pearle,Pahru,Perl,帕鲁,帕魯,Porupah,Urye,Pearle
Npc_NewsPaper002,Utiel,Brozhan,Ambrose,부쿠사,ブツクサ,Амброз,Brozhan,Ambros,Anbro,布兹克萨,布茲克薩,Ambrose,Utiel,Brozhan
Npc_Attacked02_004,Utric,Wadder,Utric,타모키,タヌモキ,Пузырвин,Wadder,Utric,Utric,塔努莫基,塔努莫基,Utric,Utric,Wadder
Npc_TabantaHatago004,Valke,Varke,Varken,바켄,ヴァーケン,Варк,Varke,Varken,Varke,巴肯,巴肯,Varken,Valke,Varke
Npc_Kakariko004,Vari,Cottla,Pricota,푸리코,プリコ,Коттла,Cottla,Prisca,Priko,普莉珂,普莉珂,Pricota,Rika,Cottla
Npc_HighMountain012,Vedli,Bedoli,Della,벨라,ベラ,Вера,Bedoli,Bera,Bella,蓓拉,蓓拉,Della,Vedli,Bedoli
Npc_Road_001,Vekatto,Botrick,Oudeau,우드,ウドー,Ботрик,Botrick,Udo,Udo,伍德,伍德,Oudeau,Vekatto,Botrick
Npc_oasis045,Velooru,Lorn,Vermilla,벨로아,ベローア,Велора,Lorn,Velora,Velora,蓓萝雅,蓓羅雅,Vermilla,Velooru,Lorn
Npc_MercenarySoldier_Hylia009B,Ventir,Ventry,Ventosa,벤토사,ベントーサ,Непа,Ventry,Savent,Ventrik,贝恩托萨,貝恩托薩,Ventosa,Ventir,Ventry
Npc_NewsPaper004,Veria,Veria,Mimina,미미나,ミミーナ,Эхевера,Veria,Veria,Chevina,宓宓纳,宓宓納,Mimina,Veria,Veria
Npc_Assassin_003,Viajero,Traveler,Voyageur,여행자,旅人,Путешественник,Reiziger,Viandante,Reisender,旅行者,旅行者,Voyageur,Viajero,Traveler
Npc_Assassin_005,Viajero,Traveler,Voyageur,여행자,旅人,Путешественник,Reiziger,Viandante,Reisender,旅行者,旅行者,Voyageur,Viajero,Traveler
Npc_Assassin_006,Viajero,Traveler,Voyageur,여행자,旅人,Путешественник,Reiziger,Viandante,Reisender,旅行者,旅行者,Voyageur,Viajero,Traveler
Npc_Assassin_007,Viajero,Traveler,Voyageur,여행자,旅人,Путешественник,Reiziger,Viandante,Reisender,旅行者,旅行者,Voyageur,Viajero,Traveler
Npc_Orchestra_W_00,Vionela,Violynne,Violaine,비올란,ヴィオラン,Скрипилия,Violynne,Vyola,Violan,碧欧兰,碧歐蘭,Violaine,Vionela,Violynne
Npc_goron026,Volcon,Volcon,Konvoh,보이콘,ボイコン,Волкон,Volcon,Voicon,Volcon,博伊空,博伊空,Konvoh,Volcon,Volcon
Npc_Umii_Kakariko_Scholar_F,Vonn,Bahni,Bebene,쿠탄,クタン,Энбе,Bahni,Ebam,Ehbon,库丹,庫丹,Bebene,Vonn,Bahni
UnknownNPC_Zelda,Voz de Zelda,Zelda's Voice,Voix de Zelda,젤다의 목소리,ゼルダの声,Голос Зельды,Zelda's stem,Voce di Zelda,Zeldas Stimme,塞尔达的声音,薩爾達的聲音,Voix de Zelda,Voz de Zelda,Zelda's Voice
UnknownNPC_MysteryVoice,Voz misteriosa,Mysterious Voice,Voix mystérieuse,신비한 목소리,不思議な声,Загадочный голос,Mysterieuze stem,Voce misteriosa,Mysteriöse Stimme,奇异的声音,奇異的聲音,Voix mystérieuse,Voz misteriosa,Mysterious Voice
Npc_SouthernVillage016,Wabin,Wabbin,Kamis,와빈,ワビスケ,Ваббин,Wabbin,Wabis,Wabiski,儒秀,儒秀,Kamis,Wabin,Wabbin
Npc_Kakariko005,Wakat,Cado,Vocah,보가드,ボガード,Кадо,Cado,Vogado,Cado,博嘉多,博嘉多,Vocah,Wakat,Cado
Npc_LakeSideHatago004,Wanli,Anly,Gamène,와노르,ワノリー,Энли,Anly,Wanori,Wanolli,瓦诺利,瓦諾利,Gamène,Wanley,Anly
Npc_Umii_Kakariko_Scholar_J,Xalin,Xalis,Xalis,기사리스,キザリス,Кисли,Xalis,Xalis,Salis,齐扎利斯,齊扎利斯,Xalis,Xalin,Xalis
Npc_OasisMilk_A,Yaine,Yaido,Ycla,야이드라,ヤイドラー,Дора,Yaido,Yaidora,Yaido,亚伊多拉,亞伊多拉,Ycla,Yaine,Yaido
Npc_Road_010,Yamu,Yammo,Yam,얀,ヤム,Яммо,Yammo,Yam,Yammo,娅姆,雅姆,Yam,Yamu,Yammo
Npc_NorthHateru003,Yoldir,Yolero,Yolel,요렐,ヨレール,Йолеро,Yolero,Yorel,Yolero,尤莱尔,尤雷爾,Yolel,Yoldir,Yolero
Npc_SouthernVillage006,Zahar,Sebasto,Bacchyas,사바카,サバッキャ,Себасто,Sebasto,Sabokyan,Sebasto,萨巴卡亚,薩巴卡亞,Bacchyas,Zahar,Sebasto
Npc_SmallOasis011,Zahiene,Ripp,Lavrie,립스,リップス,Риппа,Ripp,Ripp,Ribia,丽普丝,麗普絲,Lavrie,Zahiene,Ripp
Npc_Goron018,Zameena,Ramella,Labira,라멜라,ラメラ,Рамелла,Ramella,Ramella,Ramella,拉梅拉,拉梅拉,Labira,Zameena,Ramella
Dm_Npc_Zelda_Search_Improve,Zelda,Zelda,Zelda,젤다,ゼルダ,Зельда,Zelda,Zelda,Zelda,塞尔达,薩爾達,Zelda,Zelda,Zelda
Npc_HighMountain030,Zeli,Laissa,Solilès,솔리레스,ソリレス,Лаисса,Laissa,Soriles,Laissa,索里莱丝,索里雷絲,Solilès,Zeli,Laissa
Npc_oasis046,Zellia,Estan,Ohmates,에테스,エテス,Этесс,Estan,Etes,Esta,埃特思,艾特思,Ohmates,Zellia,Estan
Npc_MercenarySoldier_Goron002B,Zeruk,Hercus,Cakons,샤라크,シャラック,Гром,Hercus,Totrin,Zeruk,夏拉克,夏拉克,Cakons,Zeruk,Hercus
Npc_FaronWoods009,Zinán,Jini,Zininn,지니스,ジーニン,Джини,Jini,Jinin,Jini,吉宁,吉寧,Zininn,Zinnan,Jini
Npc_FaronWoods001,Zoeh,Perosa,Surosse,페로사,ソエ,Пероса,Perosa,Soe,Perosa,索艾,索艾,Surosse,Zoeh,Perosa
Npc_Road_006,Zoret,Zorona,Mahety,조로나,ゾローナ,Зоран,Zorona,Zorona,Zorona,佐罗纳,佐羅納,Mahety,Zoret,Zorona
Npc_NewsPaper001,Zoun,Brusso,Pyrif,코조,コウゾー,Бруссон,Brusso,Brusson,Brusson,科梧佐,科梧佐,Pyrif,Zoun,Brusso
Npc_HorseBuyer,Zylok,Zyle,Zucchi,주키,ズッキー,Зайл,Zyle,Zuki,Zucchi,兹基,茲基,Zucchi,Zylok,Zyle
